id,domain,status,purchase_price,renewal_price,attractiveness,demand,length,registrar,created_at,expires_at,status_verified_at
1507cee1-72df-4105-9846-c174bda023b7,legitimacy.green,available,14.99,79.99,high,low,10,namesilo,,,21/09/2026 05:07
a74b6beb-fe44-4699-9896-84bfbd227cf6,ajuga.green,available,14.99,79.99,high,low,5,namesilo,,,17/09/2026 23:42
5a7226b4-7ed6-4a85-bfa8-7afa548fcbf0,magnificent.green,available,14.99,79.99,high,low,11,namesilo,,,25/09/2026 11:17
7c00a83d-cbb2-474a-8343-9e1b8cbe0ec4,orissa.green,available,6.64,66.56,medium,low,6,dynadot,,,30/09/2026 18:16
9c3d748a-027d-4113-be55-739286de5697,mps.green,available,14.99,79.99,high,low,3,namesilo,,,27/09/2026 04:47
1b208c49-72de-478e-86ff-473dc9e1be02,ranking.green,available,14.99,79.99,high,low,7,namesilo,,,27/09/2026 09:40
473d62c4-4837-42f3-a768-2246f89ee43b,steward.green,available,10.55,64.37,high,low,7,spaceship,,,28/09/2026 18:50
8c7c2ad1-6fe7-4744-8f36-cf425ac77f69,bliss.green,available,11.98,102.98,high,medium,5,namecheap,,,24/09/2026 06:14
10eb4919-be13-4f8e-bbac-a0956ea56420,andorran.green,available,11.98,102.98,medium,low,8,namecheap,,,
b1021574-fc7a-4c95-8f1d-67ccf77f9553,louse.green,available,11.98,102.98,medium,low,5,namecheap,,,23/09/2026 20:00
2d4ac2be-878b-40d1-b59d-91b76195f656,brutality.green,available,14.99,79.99,medium,low,9,namesilo,,,22/09/2026 04:26
acfc112e-7cfd-40f4-8d78-a57e263819d4,lascivious.green,available,11.98,102.98,medium,low,10,namecheap,,,22/08/2026 20:04
23ac94fa-d42f-4aaf-8da1-9c062c17e605,hype.green,available,6.69,64.37,high,medium,4,porkbun,,,29/09/2026 00:50
54791c23-4cce-4fcf-a9ab-f9ba64ef703e,alpenstock.green,available,14.99,79.99,medium,low,10,namesilo,,,18/09/2026 13:32
1ea7fa31-9f48-42fb-a7c0-f2a39c3d568a,bremer.green,available,14.99,79.99,high,low,6,namesilo,,,30/09/2026 04:16
298d7625-84ee-44a8-a85f-ccd8ea27b97c,rodrigues.green,available,11.98,102.98,medium,low,9,namecheap,,,29/09/2026 04:31
d930441b-13c4-4c76-bad5-c05eac166f58,instantly.green,available,11.98,102.98,medium,low,9,namecheap,,,10/09/2026 21:29
8afb8514-ba56-42b0-8876-255a615c156b,monitoring.green,available,62.2,62.2,high,low,10,cloudflare,,,30/09/2026 05:07
da7d219f-805f-413f-bbb8-75c57a0a86aa,wreath.green,available,10.55,64.37,high,low,6,spaceship,,,30/09/2026 16:41
3049e257-8a0d-4811-b435-6e1c77bdb379,ankles.green,available,11.98,102.98,medium,low,6,namecheap,,,30/09/2026 00:20
c70b0103-0dcd-4661-be70-646f08477d11,retarded.green,available,14.99,79.99,medium,low,8,namesilo,,,27/09/2026 13:11
b1124054-397d-4008-bdc5-eec8c6579611,thursday.green,available,10.55,64.37,high,low,8,spaceship,,,30/09/2026 13:11
d81933ba-4f5e-4ef9-bdbe-27dd06dad9b9,reusable.green,available,11.98,102.98,high,low,8,namecheap,,,09/09/2026 11:33
8399cdcc-67b5-41dd-a345-3f7e39c78265,halting.green,available,11.98,102.98,medium,low,7,namecheap,,,13/08/2026 07:02
1300c5be-1316-4899-8478-44585ec12dff,curry.green,premium,640,640,high,low,5,namesilo,,,29/09/2026 13:07
bc11c34a-3a54-4624-9c74-f12ef91ecf35,ajaia.green,available,14.99,79.99,medium,low,5,namesilo,,,17/09/2026 23:39
315602c0-738e-498b-94c2-6810cd245359,caracas.green,available,14.99,79.99,high,low,7,namesilo,,,29/09/2026 07:11
f361f235-6a2b-49ed-9594-974fd0a032f5,yeats.green,available,10.55,64.37,medium,low,5,spaceship,,,28/09/2026 15:32
9d32a37b-73ac-4728-b6ff-b8ef28651aac,narrows.green,available,11.98,102.98,medium,low,7,namecheap,,,30/09/2026 21:54
a8c70734-be1d-4181-a4b4-947df3db63a4,medicinal.green,available,11.98,102.98,high,low,9,namecheap,,,24/08/2026 19:01
8abc651e-24d8-48e1-acac-bccf8e2d3527,affirmations.green,available,14.99,79.99,medium,low,12,namesilo,,,21/09/2026 01:56
250bdbfa-b7dc-4d3c-8b06-c7855a1e07ac,gismo.green,available,14.99,79.99,medium,low,5,namesilo,,,19/09/2026 21:49
894f869c-1109-49c5-838d-4574534c940c,destination.green,available,11.99,,high,low,11,name.com,,,
a28dcc96-e34c-4ae7-83a0-d02e6239d8d1,buckner.green,available,14.99,79.99,medium,low,7,namesilo,,,29/09/2026 09:53
0e6a34ca-6742-48f2-bd8c-bb7b048c3c7a,applied.green,available,11.98,102.98,high,low,7,namecheap,,,06/08/2026 07:11
b628ff8e-3ee0-47c5-9dd3-7a4e91f2cd74,mouthwash.green,available,11.99,,high,low,10,name.com,,,
d4e1ddd9-dfa1-4d7d-a8f5-f3fe6bb7a256,polyglot.green,available,11.98,102.98,high,low,8,namecheap,,,08/09/2026 23:17
e298bd2b-5f40-44de-9539-f7a0533d20a7,campania.green,available,62.2,62.2,high,low,8,cloudflare,,,30/09/2026 16:35
78a69414-3399-4259-9088-e9ebecd6a04a,applicant.green,available,11.98,102.98,high,low,9,namecheap,,,19/09/2026 21:53
7b8d6095-1d49-4694-8e86-4092445068b6,arced.green,available,11.98,102.98,medium,low,5,namecheap,,,06/08/2026 14:28
f4155b58-6114-42bb-b50c-251c7438296a,abulia.green,available,14.99,79.99,medium,low,6,namesilo,,,16/09/2026 16:41
2432b90e-769a-4f31-9652-026862b5cb0c,amnionic.green,available,11.98,102.98,medium,low,8,namecheap,,,
41fa3de2-bd60-42cc-b11b-ec296c1142a8,workout.green,available,10.55,64.37,high,low,7,spaceship,,,29/09/2026 18:33
fb69a229-d10e-49ad-a1a4-5eae10eb2a0d,asperity.green,available,14.99,79.99,medium,low,8,namesilo,,,20/09/2026 14:51
a8cfd9f3-f504-42ad-af8f-15c0ece79438,batavia.green,available,11.98,102.98,high,low,7,namecheap,,,27/09/2026 18:11
ee57f3e8-87b1-4c69-994e-f4a9c2d6e6dd,spiritless.green,available,11.98,102.98,medium,low,10,namecheap,,,10/09/2026 15:54
87e9d6ea-4ec2-4269-8539-d524f844815e,baines.green,available,14.99,79.99,medium,low,6,namesilo,,,30/09/2026 21:38
66ebebe1-c73d-47a2-93c9-7d2eafdcf717,buddhist.green,available,11.98,102.98,high,low,8,namecheap,,,11/08/2026 07:39
11bca83e-dcf6-4686-9087-e640572beef5,wilshire.green,available,14.99,79.99,medium,low,8,namesilo,,,29/09/2026 22:35
1be80fe0-ae67-4aae-bb2b-5ff03fccd02b,discussion.green,available,10.55,64.37,high,low,10,spaceship,,,29/09/2026 15:38
078d87b5-9f5d-4a0b-8501-3d62e568da53,bookshop.green,available,11.98,102.98,high,low,8,namecheap,,,24/09/2026 07:16
1bed4b56-067b-499f-b3e3-66bc04c79752,penetrating.green,available,14.99,79.99,medium,low,11,namesilo,,,29/09/2026 14:35
54efc9a1-4c22-4d3c-920c-91fa8c2d59e1,assignable.green,available,11.98,102.98,medium,low,10,namecheap,,,07/08/2026 06:19
cad4a46f-21f5-463e-92e1-f6ad5bceb0f7,tethered.green,available,11.98,102.98,medium,low,8,namecheap,,,11/09/2026 12:10
78e91335-918f-4aa5-a732-7794c02a7047,biogenic.green,available,11.98,102.98,high,low,8,namecheap,,,10/08/2026 01:27
564305fe-58d9-49a5-8eae-5a85b3ded5c5,onomastic.green,available,11.98,102.98,medium,low,9,namecheap,,,04/09/2026 15:15
0e6d6754-e965-4fde-85ab-26dc95e64aad,quaggy.green,available,11.98,102.98,medium,low,6,namecheap,,,10/08/2026 17:10
a638ecba-a008-449c-97ec-e2854208885b,execution.green,available,14.99,79.99,high,low,9,namesilo,,,29/09/2026 07:21
04916dbe-07c3-480e-9c8c-8c6a587a357e,deutscher.green,available,14.99,79.99,high,low,9,namesilo,,,29/09/2026 08:39
4c2857b6-605c-4134-b895-449a52d98573,burnside.green,available,14.99,79.99,high,low,8,namesilo,,,16/09/2026 12:53
9f75809d-e851-4cdf-aeb7-9c6f64c07c17,dorchester.green,available,14.99,79.99,medium,low,10,namesilo,,,27/09/2026 07:30
8f77c594-e069-4526-bc1b-54a9dec677be,texted.green,available,11.98,102.98,medium,low,6,namecheap,,,20/09/2026 17:16
6b2f7085-f8dd-4a18-b598-48f568e339d7,escorted.green,available,6.64,66.56,high,low,8,dynadot,,,29/09/2026 17:28
4600ff12-115d-499b-9457-776ec4aca921,neuter.green,available,11.98,102.98,medium,low,6,namecheap,,,03/09/2026 16:30
bb8df9fe-6a5f-4bfd-9ca4-ab4677a54a86,chummy.green,available,11.98,102.98,high,low,6,namecheap,,,11/08/2026 07:44
d250349a-cb11-4cf9-9c7c-cf1610ec0e75,crying.green,available,11.98,102.98,high,low,6,namecheap,,,24/09/2026 02:20
e81214e5-fbfe-42ef-b86a-e532ba1b6a60,bennington.green,available,14.99,79.99,high,low,10,namesilo,,,23/09/2026 08:33
7717105c-23a4-4675-9f9c-791b17d801c4,flatness.green,available,11.98,102.98,medium,low,8,namecheap,,,24/08/2026 17:17
5093a952-d67e-4050-b3d9-c23dc57abae6,ashcan.green,available,14.99,79.99,high,low,6,namesilo,,,20/09/2026 13:35
14f6abf6-d04f-4793-a188-6073d4f0ef4f,engel.green,available,6.64,66.56,high,low,5,dynadot,,,28/09/2026 04:50
119b02d7-1b44-40b6-9465-9da75a63f8cf,judgmental.green,available,11.98,102.98,medium,low,10,namecheap,,,22/08/2026 14:10
f775131f-d0bf-41fd-8405-d349ab9c8f49,hairless.green,available,11.98,102.98,high,low,8,namecheap,,,20/08/2026 22:13
23666d98-8459-4414-b400-79d859c593f1,caesarean.green,available,11.98,102.98,medium,low,9,namecheap,,,11/08/2026 13:05
f4b4ea05-480b-4577-b01a-68c47fd6ed6e,detained.green,available,62.2,62.2,low,low,8,cloudflare,,,29/09/2026 05:25
3a4477a8-aa33-40ec-9e0a-a171d3511def,albinotic.green,available,11.98,102.98,medium,low,9,namecheap,,,
64b0be00-ca7b-410e-aa09-ee74af5de0e8,musa.green,available,10.55,64.37,high,low,4,spaceship,,,28/09/2026 05:49
f0a47756-fc13-4ddd-8aa5-cff71134dcc7,supernatural.green,available,62.2,62.2,high,low,12,cloudflare,,,30/09/2026 23:38
43c55ab3-f7f7-4e02-861b-31cc63cf1ce4,companions.green,available,6.69,64.37,medium,low,10,porkbun,,,29/09/2026 05:19
563c6b5f-d7d6-406f-a729-d796ddd7c8ae,controversy.green,available,14.99,79.99,medium,low,11,namesilo,,,29/09/2026 10:11
fdca4833-9437-490a-924b-82d977180096,nauseous.green,available,11.98,102.98,medium,low,8,namecheap,,,24/08/2026 08:24
2a0b7524-1b83-4351-ab9d-8f74b559d9a5,multiplication.green,available,11.99,,medium,low,14,name.com,,,
6a94e758-6590-47d4-8055-2ce4557a7272,benefits.green,available,62.2,62.2,medium,low,8,cloudflare,,,27/09/2026 23:08
a1953fe5-7402-485a-84ad-f97e80460bda,arresting.green,available,11.98,102.98,high,low,9,namecheap,,,06/08/2026 21:47
ec0f8296-5405-4c67-9c95-7765b5a9f867,allure.green,available,11.99,107.99,high,low,6,name.com,,,18/09/2026 12:11
6ddc8269-a755-49f6-9f4a-0a2967c6c744,unseeded.green,available,11.98,102.98,medium,low,8,namecheap,,,12/09/2026 19:10
f8226568-9703-4b1d-b7bf-139716eda560,alembic.green,available,14.99,79.99,medium,low,7,namesilo,,,18/09/2026 05:10
3cdbdb37-0d63-4c0f-9d0e-d5db976d6c42,eyebrow.green,available,14.99,79.99,medium,low,7,namesilo,,,01/10/2026 01:59
9077262a-d128-483c-bc3d-27d9c99db9aa,tara.green,premium,640,640,high,low,4,namesilo,,,28/09/2026 15:26
329123e3-ba4d-479e-ac19-1a52eceeb8a0,allowing.green,available,10.55,64.37,medium,low,8,spaceship,,,28/09/2026 08:42
7486e942-7467-4db5-9fab-9449d9eff0b7,lithesome.green,available,11.98,102.98,medium,low,9,namecheap,,,24/08/2026 01:12
9d54dfe1-205e-4451-9e0f-bdd8ad94348e,ewart.green,available,62.2,62.2,medium,low,5,cloudflare,,,30/09/2026 21:28
0ac93cd6-cdf1-4566-b527-47e36c03aae5,waking.green,available,11.98,102.98,high,low,6,namecheap,,,13/09/2026 07:47
10793b57-6374-4006-8a6e-10930bd8bc88,debonair.green,available,11.98,102.98,high,low,8,namecheap,,,12/08/2026 05:58
8cddac8f-9f92-4bf3-ad4a-77f06bccbac9,feng.green,premium,1107,1107,high,low,4,namesilo,,,27/09/2026 06:56
077c7313-3dbd-4322-ac08-4a8fd2dd9c82,chap.green,available,11.99,107.99,medium,low,4,name.com,,,24/09/2026 06:13
060deb42-2918-459b-a154-1537d1a08394,aspiring.green,available,14.99,79.99,high,low,8,namesilo,,,30/09/2026 11:46
51df19ea-0d7a-4f6d-870c-aa3627eecb1a,someone.green,available,14.99,79.99,high,low,7,namesilo,,,25/09/2026 09:13
bbd785f4-52da-4ed6-8b34-c84c8cdeeaea,lowland.green,available,11.98,102.98,high,low,7,namecheap,,,24/08/2026 10:48
a7691229-7601-4b3a-93b6-c8c6f10d93c5,bookkeeping.green,available,11.98,102.98,high,low,11,namecheap,,,28/09/2026 02:35
a585ba3d-aaae-42d9-9cd7-42e53034655e,toughened.green,available,11.98,102.98,medium,low,9,namecheap,,,11/09/2026 10:54
a4336aba-52f6-488c-bef0-a831e56d13da,communist.green,available,11.98,102.98,high,low,9,namecheap,,,23/09/2026 16:14
b333bb50-e564-4d9c-b0ed-44c12a8059c2,bimonthly.green,available,11.98,102.98,high,low,9,namecheap,,,09/08/2026 22:42
c76ef636-c333-4bfc-824f-de1b2dbdded6,downplay.green,available,14.99,79.99,high,low,8,namesilo,,,21/09/2026 15:36
f7339d8e-2717-4774-b74d-68ea222e5187,vaulting.green,available,11.98,102.98,high,low,8,namecheap,,,04/09/2026 21:34
433fd592-83db-4791-bd33-1533be6de4bf,ablation.green,available,14.99,79.99,medium,low,8,namesilo,,,16/09/2026 16:05
ca2e43e3-26a9-4b3c-bd85-f0803829ce6e,eastwood.green,available,14.99,79.99,high,low,8,namesilo,,,28/09/2026 21:36
ac43612d-3980-4671-86f2-4f46a9c79e69,nonunion.green,available,11.98,102.98,medium,low,8,namecheap,,,03/09/2026 20:58
7788642d-1fbf-4fe5-8f72-f1201af95cf9,beguiled.green,available,11.98,102.98,medium,low,8,namecheap,,,09/08/2026 09:46
7942f4c9-98ab-4ee0-b23a-200df3619632,loneliness.green,available,14.99,79.99,high,low,10,namesilo,,,18/09/2026 13:13
359d789b-04a7-4dfa-b13a-d4ad21558f29,hhs.green,available,62.2,62.2,high,low,3,cloudflare,,,29/09/2026 12:02
921de3c3-7291-40fa-a5b6-7847fcdad4c8,toe.green,available,6.69,64.37,medium,low,3,porkbun,,,30/09/2026 13:18
2214e7fe-d491-48d8-840b-458428216b7b,reversely.green,available,11.98,102.98,medium,low,9,namecheap,,,15/09/2026 23:37
803126a1-67e2-41b7-9e6b-3371cf59f44a,undefined.green,premium,3125,3125,high,low,9,name.com,,,12/09/2026 07:13
ef50e512-1922-49d9-84fa-833c671fb867,aperture.green,available,14.99,79.99,high,low,8,namesilo,,,19/09/2026 16:35
f81d1b35-b748-4d5c-b832-8580dc21df20,richland.green,available,62.2,62.2,medium,low,8,cloudflare,,,28/09/2026 08:10
9efaac7e-b568-4ee5-8beb-122662c38fa7,betty.green,premium,,,high,low,5,,,,30/09/2026 03:40
369d78a3-bdb4-45e5-8808-aed7b81006ae,lotte.green,available,14.99,79.99,high,low,5,namesilo,,,18/09/2026 11:43
0c009387-15b3-4998-b09a-bc8924ae46ae,shafts.green,available,14.99,79.99,medium,low,6,namesilo,,,30/09/2026 15:34
5cfe1098-7c5a-453f-b4e5-4ff121317260,bile.green,available,14.99,79.99,medium,low,4,namesilo,,,23/09/2026 15:41
7949f3fc-3cc9-4f80-964d-f5c1d492b2ca,dimension.green,available,14.99,79.99,high,low,9,namesilo,,,21/09/2026 02:17
9b351421-cff6-499a-8d12-bc4ab13bbcb5,ils.green,available,6.69,64.37,medium,low,3,porkbun,,,30/09/2026 00:10
acff6b03-4ca3-4e2a-9c99-978dda602274,reflex.green,available,14.99,79.99,high,low,6,namesilo,,,27/09/2026 11:10
105dc81c-b41e-41da-b8b5-356ef8ddd9b3,segmental.green,available,11.98,102.98,medium,low,9,namecheap,,,24/08/2026 21:41
185824bb-37ff-4950-8625-b22e71ecbc8b,wildcat.green,available,11.98,102.98,high,low,7,namecheap,,,11/08/2026 07:09
c918e759-9031-4d51-a7cc-e3a0720017c4,scapular.green,available,11.98,102.98,medium,low,8,namecheap,,,09/09/2026 22:51
54ecc70b-a5f1-486f-9655-0210ed0cce2c,axially.green,available,11.98,102.98,medium,low,7,namecheap,,,13/09/2026 22:57
23d04406-8c60-48ae-a72b-be9bf426b7ec,approx.green,available,14.99,79.99,medium,low,6,namesilo,,,27/09/2026 02:29
3bf5c0c1-6bf3-4450-bc6b-267e536f7ff0,cursorial.green,available,11.98,102.98,medium,low,9,namecheap,,,13/08/2026 11:40
6231bbf7-2ddd-4a69-81cb-bfdb6c2dbe47,virginia.green,premium,640,640,high,low,8,namesilo,,,25/09/2026 09:38
c3509599-3742-4a2b-ac5f-9f25699fc13a,portable.green,available,14.99,79.99,high,low,8,namesilo,,,27/09/2026 04:40
b5707081-d231-4b67-a947-608c7689ce64,creeps.green,available,62.2,62.2,medium,low,6,cloudflare,,,01/10/2026 01:37
a185e0fa-f140-4230-b017-8197ec2683de,flush.green,available,11.98,102.98,high,low,5,namecheap,,,
3f114229-4f90-4633-8dc2-c52bec932bf2,patriots.green,available,10.55,64.37,high,low,8,spaceship,,,29/09/2026 17:47
e981058c-b746-4151-b3ea-3d497d1d61a8,successive.green,available,11.98,102.98,high,low,10,namecheap,,,10/09/2026 04:29
ebbf3d52-b17a-4a37-9e53-8df3b69eb53d,mindfulness.green,available,14.99,79.99,high,low,11,namesilo,,,29/09/2026 10:40
f2ee7e23-d8a4-43c9-9ecf-cc6131f3cebe,plumbers.green,available,14.99,79.99,medium,low,8,namesilo,,,20/09/2026 11:13
2a050866-8d40-4604-bc24-0dfcebc01dc0,esthetic.green,available,11.98,102.98,high,low,8,namecheap,,,21/09/2026 21:16
b64db072-a728-4338-b450-9345b1b7411a,nietzsche.green,available,10.55,64.37,medium,low,9,spaceship,,,30/09/2026 17:24
25441fde-6192-41cf-b933-50734e0a70cb,gossamer.green,available,11.98,102.98,high,low,8,namecheap,,,12/08/2026 14:32
f7b7d26f-4103-4db9-8193-3f093c488230,eminent.green,available,11.98,102.98,high,low,7,namecheap,,,16/08/2026 15:06
a48953bf-c17e-42bd-88f0-206e090d8ffc,prompter.green,available,11.98,102.98,high,low,8,namecheap,,,21/09/2026 06:13
e0fa5b4f-66e9-43fd-8006-ab70bd78fa22,memory.green,premium,273.41,546.35,high,medium,6,porkbun,,,29/09/2026 10:30
2bb4dfd2-ffdc-47eb-a57f-aa7f03753433,boniface.green,available,11.99,107.99,medium,low,8,name.com,,,19/09/2026 19:19
a63b4243-8261-40fd-8b94-e415a37c7197,wakening.green,available,11.98,102.98,high,low,8,namecheap,,,28/09/2026 23:37
4c6d8e72-f889-4221-bcc5-677e895d0a7f,lazy.green,available,11.98,102.98,high,low,4,namecheap,,,17/08/2026 20:54
7e25ff16-0653-43c0-876c-7e04e478928b,ascensive.green,available,11.98,102.98,medium,low,9,namecheap,,,07/08/2026 00:46
e4a0971e-3154-404a-99fa-22f234197c6c,reflect.green,available,62.2,62.2,high,low,7,cloudflare,,,28/09/2026 10:29
a6042dfa-8aa2-42c9-b325-5f52b026bd3c,hangs.green,available,14.99,79.99,low,low,5,namesilo,,,28/09/2026 08:56
7f6a7328-1200-4545-95ef-fb1b45162362,indelibly.green,available,11.98,102.98,medium,low,9,namecheap,,,15/09/2026 07:53
b296da60-5de1-4ffd-9629-71991724449f,gran.green,available,62.2,62.2,high,low,4,cloudflare,,,29/09/2026 21:17
59142d8e-587c-426d-bb1e-b185b6db9a43,vowed.green,available,11.98,102.98,high,low,5,namecheap,,,29/09/2026 23:41
d6787a00-e5d9-413e-8c67-561673f33545,sprayed.green,available,11.98,102.98,medium,low,7,namecheap,,,30/09/2026 20:15
ac4a46f7-a940-428b-a6cf-fa6b359edc62,mutant.green,available,11.98,102.98,high,low,6,namecheap,,,03/09/2026 11:39
9fed18a3-83e9-4809-ba4e-cef1bab62b82,normally.green,available,10.55,64.37,medium,low,8,spaceship,,,28/09/2026 14:10
302aa9cc-a61d-4c4c-8746-0c915e99022d,baize.green,available,11.98,102.98,medium,low,5,namecheap,,,21/09/2026 19:59
e632353b-7c25-487d-855c-20bc93395c7a,exams.green,available,10.55,64.37,medium,low,5,spaceship,,,28/09/2026 23:32
e4c27786-e698-4fba-bfbe-007dc3a41839,monkey.green,premium,517.7,517.7,high,medium,6,spaceship,,,30/09/2026 05:09
f37ea0c5-28c8-400b-84c2-1de60fd4d2a7,nguyen.green,available,10.55,64.37,high,low,6,spaceship,,,28/09/2026 04:48
9bd1f759-05f9-4349-8030-d5fd24975cc1,hectic.green,available,11.98,102.98,high,low,6,namecheap,,,18/08/2026 03:09
22cada5c-c74b-4f7d-b783-f2a587d481d8,allylic.green,available,11.98,102.98,high,low,7,namecheap,,,
7698fc9c-1924-444e-952c-8143e1ac463f,venomous.green,available,11.98,102.98,medium,low,8,namecheap,,,13/09/2026 02:08
a8ed692a-bd28-4296-b53a-2787c231d2d5,interviewing.green,available,14.99,79.99,medium,low,12,namesilo,,,29/09/2026 11:14
7c4a9131-4c0e-4009-8ae0-0d385088e9a4,curing.green,available,10.55,64.37,high,low,6,spaceship,,,30/09/2026 16:51
68ca6eca-2742-4b59-a635-c286056744a0,banal.green,available,14.99,79.99,medium,low,5,namesilo,,,22/09/2026 16:37
de092912-4c43-4dde-a65d-231e54ef2b51,hogg.green,available,6.69,64.37,high,low,4,porkbun,,,01/10/2026 02:37
237963a8-22c0-41ff-a4b5-afd6eff46164,oversized.green,available,11.98,102.98,high,low,9,namecheap,,,04/09/2026 19:45
8dd66133-c3d1-458e-9b95-5fc9674203bb,beads.green,premium,640,640,high,low,5,namesilo,,,29/09/2026 01:39
517882bd-91ac-4ec7-846c-9ae0259745bd,baneberry.green,available,14.99,79.99,high,low,9,namesilo,,,22/09/2026 01:43
1c8fc67e-d767-42ff-9113-9c4d6d216389,cockle.green,available,11.98,102.98,medium,low,6,namecheap,,,12/09/2026 08:38
cd7dcce6-57c2-4af9-bff8-c4907d179d64,specular.green,available,11.98,102.98,medium,low,8,namecheap,,,25/08/2026 01:15
1ed3810c-e858-47c9-82d5-975592bb8be4,inquisitive.green,available,11.99,,high,low,11,name.com,,,
fb26bf99-85c4-4792-a14b-cfb903b33e00,battler.green,available,11.98,102.98,medium,low,7,namecheap,,,09/08/2026 13:32
b7c49134-4d7c-4475-84a0-b31dcba4c9fc,unalarming.green,available,11.98,102.98,high,low,10,namecheap,,,12/09/2026 00:14
60ef5c30-1e35-437c-97f0-7031c115229e,lxii.green,available,11.98,102.98,medium,low,4,namecheap,,,
0b32b9a6-29d2-439f-b940-82a243831c7f,obedient.green,available,11.98,102.98,high,low,8,namecheap,,,03/09/2026 23:30
d8721cfa-852a-4ed8-86a5-ac0655056532,hidebound.green,available,11.98,102.98,medium,low,9,namecheap,,,21/08/2026 08:11
d7bd37e7-6bda-452f-8b91-424c740e93ee,beeper.green,available,14.99,79.99,high,low,6,namesilo,,,23/09/2026 01:31
c34b65a8-4676-48e1-a273-f6cbc11c2276,languorous.green,available,11.98,102.98,medium,low,10,namecheap,,,22/08/2026 18:05
03285436-6427-4948-9882-9ef76de67ad5,wavell.green,available,11.98,102.98,medium,low,6,namecheap,,,20/09/2026 02:03
cf088685-1748-4c22-ac16-7189949a8fe2,klein.green,available,14.99,79.99,high,low,5,namesilo,,,25/09/2026 03:56
4899b546-e18e-4709-904b-6fcd3ee63e37,audiences.green,available,62.2,62.2,medium,low,9,cloudflare,,,29/09/2026 11:20
81a08ac1-8195-4a99-98f3-7c67fe8cbab9,slope.green,available,14.99,79.99,high,low,5,namesilo,,,29/09/2026 23:47
aaf11db0-9f67-48b0-96d9-4f0527067e3c,sickening.green,available,11.98,102.98,medium,low,9,namecheap,,,24/08/2026 08:28
866ca2bc-3c72-47e5-9659-c25f473d410c,moneymakers.green,available,11.98,102.98,medium,low,11,namecheap,,,20/09/2026 18:20
8f543bad-d255-4dec-af25-862c742b4867,existent.green,available,11.98,102.98,medium,low,8,namecheap,,,
c83cc58c-a9ff-460e-bf5b-98c78d4ed9e3,washy.green,available,11.98,102.98,medium,low,5,namecheap,,,10/08/2026 13:56
dc4cfa30-41c1-440b-829a-941c283dea4c,unarmed.green,available,11.98,102.98,medium,low,7,namecheap,,,12/09/2026 01:00
7dfa2766-76d4-420c-9775-eec4d45e16df,conquered.green,available,10.55,64.37,medium,low,9,spaceship,,,28/09/2026 23:05
094dba46-811a-4f0f-bc99-e7d35d1f0e08,remove.green,available,14.99,79.99,high,low,6,namesilo,,,21/09/2026 14:40
713f2eca-20d0-4461-8d1b-9a0333e7126d,later.green,available,14.99,79.99,high,low,5,namesilo,,,21/09/2026 22:11
c91efdf3-a170-4025-aa0a-c65eb156a3f1,aragonite.green,available,14.99,79.99,medium,low,9,namesilo,,,19/09/2026 23:43
deb80807-4a2e-4ed3-8928-85eb6cb40ee4,individual.green,available,14.99,79.99,high,low,10,namesilo,,,23/09/2026 13:06
8c15a4a4-f6f5-486e-ad9c-f724a297ab47,bleeding.green,available,14.99,79.99,high,low,8,namesilo,,,24/09/2026 05:28
64daeede-aca7-46c9-83e2-b074fb4dab85,wald.green,available,10.55,64.37,high,low,4,spaceship,,,29/09/2026 21:04
c475473e-16a8-4f87-83c2-4d1c9b50dbfb,feigned.green,available,11.98,102.98,medium,low,7,namecheap,,,18/08/2026 00:43
44d17617-c1b5-40bd-b4f0-e9bab266adc9,loftus.green,available,10.55,64.37,medium,low,6,spaceship,,,30/09/2026 13:52
4711bc68-7004-4899-bb98-361806984139,venereal.green,available,11.98,102.98,medium,low,8,namecheap,,,18/08/2026 21:42
5d496f80-9d4a-4c04-9a1b-4cd463fb5d3b,annalist.green,available,14.99,79.99,medium,low,8,namesilo,,,19/09/2026 10:03
80c9b29b-fcb5-41ce-b818-057b6b0de1eb,bacterium.green,available,14.99,79.99,high,low,9,namesilo,,,21/09/2026 16:30
4ddf59ab-48ae-4dbf-a670-44a9b8e89b78,decent.green,available,11.98,102.98,high,low,6,namecheap,,,09/08/2026 06:17
50124cbe-cd4d-4ee6-b2a8-e6e749fd13c1,caron.green,available,6.64,66.56,high,low,5,dynadot,,,30/09/2026 19:21
69647087-897c-437f-b88f-0b1fd82bc822,roi.green,available,14.99,79.99,high,low,3,namesilo,,,30/09/2026 10:11
4a0a106d-782f-4972-99ae-d2ae7547d7c6,ilx.green,available,11.98,102.98,medium,low,3,namecheap,,,
39b6f6c9-5734-458e-9584-b26ff076bbff,occult.green,available,11.98,102.98,high,low,6,namecheap,,,03/09/2026 12:26
936a007a-00fa-4ecb-8384-83d1a3f3819b,frances.green,premium,302.5,302.5,medium,low,7,namesilo,,,28/09/2026 11:53
73034ac9-cad6-4d5e-80d5-1c0af15e562f,griffith.green,available,14.99,79.99,medium,low,8,namesilo,,,25/09/2026 04:33
c91111f0-821f-4e5a-a7c1-e8c696b1c600,psychiatry.green,available,11.98,102.98,high,low,10,namecheap,,,29/09/2026 20:04
f422ba28-2ece-4044-a75d-93fbfcb199dd,ndp.green,available,6.64,66.56,high,low,3,dynadot,,,29/09/2026 09:39
eab8488a-d273-4d37-9f8b-2ced62bac748,rights.green,available,14.99,79.99,medium,low,6,namesilo,,,17/09/2026 03:52
b4362804-905b-4ce3-9bda-7c67fc104b85,binate.green,available,11.98,102.98,medium,low,6,namecheap,,,09/08/2026 23:39
abf16402-d6a5-4cab-8805-65223e7317af,jaya.green,available,10.55,64.37,high,low,4,spaceship,,,30/09/2026 05:18
39f16d69-e76b-4f02-a6ed-faaad28e57e4,alisma.green,available,14.99,79.99,high,low,6,namesilo,,,18/09/2026 08:02
d24b4f04-1075-4272-9567-d0862eb6203e,frock.green,available,11.98,102.98,medium,low,5,namecheap,,,14/08/2026 18:55
f7448d2e-e597-420d-a6cb-96273e0a23e8,futuristic.green,available,11.98,102.98,high,low,10,namecheap,,,18/08/2026 19:17
3fd23371-9860-4745-adb6-bae61cca231d,crank.green,available,11.98,102.98,medium,low,5,namecheap,,,13/08/2026 04:51
f47daea7-4d58-454d-909f-8db99c9cf262,mil.green,premium,1875,1875,high,low,3,name.com,,,11/08/2026 22:57
4c472a56-79ac-444c-ab0f-f61e4425924c,calando.green,available,11.98,102.98,medium,low,7,namecheap,,,11/08/2026 13:34
70375269-1869-41dc-92ba-f313e5ccdf6f,cooperative.green,available,14.99,79.99,high,low,12,namesilo,,,29/09/2026 02:51
bfc884a9-7f42-4774-9f03-7dfc2dfddede,lawless.green,available,11.98,102.98,medium,low,7,namecheap,,,
d041715a-68c6-42e5-992c-626d493883d0,hull.green,available,62.2,62.2,high,low,4,cloudflare,,,28/09/2026 01:42
2f1e5ca7-dd4a-4335-bdf8-3bdfe4c828ca,evaluation.green,available,10.55,64.37,high,low,10,spaceship,,,28/09/2026 02:31
6911ec47-bde8-485c-87e6-1bffc2f9abac,songbird.green,available,14.99,79.99,high,low,8,namesilo,,,30/09/2026 11:31
3610e88f-efac-4207-a3f9-43d5113de1e1,zovirax.green,available,14.99,79.99,medium,low,7,namesilo,,,17/09/2026 05:42
abcbdab6-4428-4857-9e2a-b51d0cfede70,rival.green,available,10.55,64.37,high,low,5,spaceship,,,28/09/2026 05:26
b3f27c21-f255-4e12-a2d0-c4a27154b609,tercet.green,available,11.98,102.98,medium,low,6,namecheap,,,
c84a724b-87ec-4993-9f45-ab6dcc980c82,workouts.green,available,14.99,79.99,medium,low,8,namesilo,,,19/09/2026 22:42
8923d75d-5478-4e2b-9f3d-43e506d00cee,cancellous.green,available,11.98,102.98,medium,low,10,namecheap,,,11/08/2026 16:31
628fa508-43ea-45e3-b2c3-a433a41aad44,edi.green,available,14.99,79.99,high,low,3,namesilo,,,30/09/2026 23:37
eefa6250-c65c-42ce-826d-b0de5fb2641c,predecessor.green,available,14.99,79.99,high,low,11,namesilo,,,30/09/2026 11:38
957439d3-fb26-40fa-8fa9-fdd517aa9e0d,separately.green,available,11.98,102.98,medium,low,10,namecheap,,,15/09/2026 08:00
494e5cd9-d6fd-4144-b988-36cdcdee2751,coincident.green,available,11.98,102.98,medium,low,10,namecheap,,,12/08/2026 13:18
98386aa3-c3d8-4ee2-abd6-b8eba52db9a8,seville.green,available,11.98,102.98,medium,low,7,namecheap,,,30/09/2026 18:37
858d2962-ece1-41b1-b0bf-3781ea9d29df,alcazar.green,available,14.99,79.99,medium,low,7,namesilo,,,18/09/2026 03:51
c99d216e-fe8b-471e-8569-75b0735e0202,infield.green,available,14.99,79.99,high,low,7,namesilo,,,22/09/2026 10:07
e4ad5636-4fc2-4d44-aadf-3d6ad70a9c69,richest.green,available,14.99,79.99,medium,low,7,namesilo,,,28/09/2026 12:54
17e54bdd-6922-4c9e-a4b2-64517081dd11,factor.green,premium,118.8,118.8,high,low,6,namesilo,,,29/09/2026 04:30
c55bcb59-8a5c-49a4-b414-b71be48bb2af,bontemps.green,available,14.99,79.99,high,low,8,namesilo,,,20/09/2026 08:07
bca2fade-1885-42bc-8ec8-9368264119e5,quebecois.green,available,11.98,102.98,medium,low,9,namecheap,,,09/09/2026 07:48
11bca7c2-5aac-42e3-b071-9ccde99ddb6f,bogus.green,available,11.98,102.98,medium,low,5,namecheap,,,08/08/2026 22:58
7aff5623-4d86-4caa-b0b2-b915b6b6dce6,shrimp.green,available,6.69,64.37,high,low,6,porkbun,,,29/09/2026 22:02
ecf84b51-b6c1-4fe7-afef-33ff0db4c60f,insolvent.green,available,11.98,102.98,medium,low,9,namecheap,,,08/08/2026 13:34
d05f3d9f-a5b6-461a-8c13-73a03ab018b3,mccarthy.green,available,14.99,79.99,high,low,8,namesilo,,,25/09/2026 08:04
8649deb2-599e-4b67-b864-a3b24b020a3b,susan.green,premium,640,640,high,low,5,namesilo,,,01/10/2026 04:01
b1b0e2d8-d64f-4542-a289-a0459bd6807b,aptness.green,available,14.99,79.99,medium,low,7,namesilo,,,19/09/2026 22:03
f67d3390-a89d-4f5f-9ba3-66967ce5093c,cooperating.green,available,62.2,62.2,medium,low,11,cloudflare,,,30/09/2026 07:38
ecf6bed7-8fa1-4c84-8a7b-6229ad669628,manor.green,available,6.69,64.37,high,low,5,porkbun,,,28/09/2026 19:49
2dcf4295-014e-4330-b220-57a7216f0577,categoric.green,available,11.98,102.98,medium,low,9,namecheap,,,11/08/2026 21:29
8ccf0d4b-8dec-4993-9863-016625d16340,mona.green,premium,640,640,high,low,4,namesilo,,,19/09/2026 06:28
80364d87-3b35-4f89-bee3-7f84d772b8f3,reactor.green,available,6.69,64.37,high,low,7,porkbun,,,28/09/2026 10:36
ecb65a08-48dc-4aa9-ab96-7eb5ae286082,applecart.green,available,11.98,102.98,medium,low,9,namecheap,,,19/09/2026 21:32
6133e9cd-7f41-44cc-8462-4581906b2708,posed.green,available,11.98,102.98,high,low,5,namecheap,,,09/09/2026 00:04
a0f42888-8619-4b9f-85cc-d5834162f40e,sleepy.green,available,11.98,102.98,high,low,6,namecheap,,,10/09/2026 10:39
632cdb27-1c4e-43c9-a49a-8e11b2a836ba,metric.green,available,11.98,102.98,high,low,6,namecheap,,,25/09/2026 19:58
39424086-cd07-424c-abb0-f4c60a162ce9,desk.green,available,11.98,102.98,high,low,4,namecheap,,,08/09/2026 08:30
a2511d0b-1444-43ed-8846-767656679598,dsm.green,available,10.55,64.37,medium,low,3,spaceship,,,29/09/2026 04:10
06f7f701-49d0-4603-982e-8a4397df41b9,semantic.green,available,11.98,102.98,high,low,8,namecheap,,,10/09/2026 02:16
0704c445-5b4a-4f6c-b81f-973e728fa0bd,walsh.green,available,14.99,79.99,medium,low,5,namesilo,,,28/09/2026 08:52
c60722d4-91d6-4299-8738-c8cfe1c3f2d5,luxury.green,premium,550,550,high,low,6,dynadot,,,30/09/2026 02:20
b75effd1-abb8-4182-a256-7d0278b714fc,marketplace.green,premium,640,640,high,medium,11,namesilo,,,28/09/2026 05:48
9ef16a2b-4543-4998-9875-5b8b3e3bdb8e,armilla.green,available,14.99,79.99,medium,low,7,namesilo,,,20/09/2026 07:02
df74e4cf-7629-42d3-b3db-5489a431cfae,gracefully.green,available,11.98,102.98,high,low,10,namecheap,,,14/09/2026 21:54
d16aaaed-86aa-42f7-9b88-3879bdeb65c5,tracker.green,premium,650,650,high,low,7,namecheap,,,30/09/2026 03:03
63b3a393-ffa5-4692-891d-f6d408c625f3,cruciform.green,available,11.98,102.98,medium,low,9,namecheap,,,13/08/2026 08:42
33609efd-9dd5-4ec4-ba35-ac8aa1fee965,blare.green,available,11.98,102.98,medium,low,5,namecheap,,,10/08/2026 13:12
a6f419aa-bf2e-4302-bae4-7b1cdc3c390c,strachan.green,available,6.64,66.56,medium,low,8,dynadot,,,30/09/2026 23:17
0be96b44-b095-4ee2-866e-6ebfefc8122e,bahaism.green,available,11.98,102.98,medium,low,7,namecheap,,,21/09/2026 18:33
7c18af95-7e37-4b7f-8db0-2a72578848ad,elinor.green,available,14.99,79.99,medium,low,6,namesilo,,,29/09/2026 22:05
c965da3d-c26a-4703-91ff-192a180ab4ea,stealing.green,available,11.98,102.98,medium,low,8,namecheap,,,11/09/2026 13:24
c3668aa8-ccb9-4ac4-a9ee-44c213189fab,beds.green,premium,136.85,273.44,high,low,4,porkbun,,,27/09/2026 18:14
46793d50-0f79-4e95-87dd-5af0b135dffb,olaf.green,available,14.99,79.99,medium,low,4,namesilo,,,28/09/2026 07:48
f295339f-8194-450c-a451-9383fbaf11e4,sasha.green,premium,1650,1650,high,low,5,dynadot,,,28/09/2026 08:29
3ce36e08-67ba-488a-be62-8eee5ea3c1c3,pine.green,premium,517.7,517.7,high,low,4,spaceship,,,28/09/2026 02:55
3bea045c-72ec-498f-b0f8-96985e65ce56,warrants.green,available,62.2,62.2,medium,low,8,cloudflare,,,29/09/2026 11:17
6f0cc334-8bf9-4b0b-aac4-88b13bf85ec5,comparative.green,available,6.69,64.37,high,low,11,porkbun,,,29/09/2026 20:48
1fabe917-6145-4309-9506-fc0ccc1a6e1e,segment.green,available,62.2,62.2,high,low,7,cloudflare,,,28/09/2026 20:24
a4bab226-b1b3-4296-8f78-32771e760ce8,anglophobe.green,available,14.99,79.99,medium,low,10,namesilo,,,19/09/2026 06:55
1cd0f8e5-c317-4a5f-884f-1edeed4a01cc,money.green,premium,625,,high,medium,5,name.com,,,30/09/2026 05:05
683952f0-87a4-4b9e-b5cf-cb8c5c87942e,kenaf.green,available,14.99,79.99,high,low,5,namesilo,,,23/09/2026 16:55
e9a91d6a-303c-4fd3-a7b4-b9031dc138a0,ding.green,premium,1552.7,1552.7,medium,low,4,spaceship,,,28/09/2026 14:30
32a6cf06-cb4d-47f4-a857-9572b432ffe9,junk.green,available,11.98,102.98,medium,low,4,namecheap,,,24/09/2026 21:06
c93fa696-8b14-45ba-9b99-37bf9548d7e6,variously.green,available,11.98,102.98,medium,low,9,namecheap,,,14/09/2026 13:23
39e28eb5-5903-4624-8558-ab2faa6e5ea7,mileage.green,available,10.55,64.37,high,low,7,spaceship,,,29/09/2026 12:25
b06a5091-9dd1-4b89-8721-7950735c71ef,ambulation.green,available,14.99,79.99,medium,low,10,namesilo,,,18/09/2026 17:29
233326f5-4067-4bb2-994d-1a0d172a9c06,rake.green,available,11.98,102.98,high,low,4,namecheap,,,27/09/2026 07:07
d4810034-e04d-4b09-b530-2150e8b1f271,jonson.green,available,11.99,107.99,medium,low,6,name.com,,,23/09/2026 07:26
4547402c-5814-4c49-8b63-85d18e5bcec9,cxl.green,available,11.98,102.98,high,low,3,namecheap,,,
6bbc3372-a4b1-4778-95b0-17eac5745ae2,welcoming.green,available,11.98,102.98,high,low,9,namecheap,,,13/09/2026 10:14
b30597c9-85fc-4677-b4f1-67ec11739d7a,rehab.green,available,62.2,62.2,high,low,5,cloudflare,,,28/09/2026 22:56
ea9edac1-e3e4-4746-ba30-2f2341119fbe,saintly.green,available,11.98,102.98,high,low,7,namecheap,,,
750f2f0b-c583-44f6-941b-572b486826e7,unworried.green,available,11.98,102.98,medium,low,9,namecheap,,,11/08/2026 19:03
2bcef137-f468-4247-8246-c3b5d32dd1b1,youre.green,available,11.99,,medium,low,5,name.com,,,
cf0f2439-2fda-4b84-80ea-b63d2170edd5,bordered.green,available,14.99,79.99,medium,low,8,namesilo,,,22/09/2026 23:55
58b7e27e-5f83-4127-b308-083b4ad99e61,withdrawn.green,available,11.98,102.98,medium,low,9,namecheap,,,22/08/2026 03:25
4f4b31d7-2bf3-491b-b43c-dea2ac9520c6,kpa.green,available,11.98,102.98,medium,low,3,namecheap,,,28/09/2026 16:13
e2613636-deff-4b76-8092-3218c51a9669,ported.green,available,14.99,79.99,high,low,6,namesilo,,,20/09/2026 15:39
da7dbb67-0d26-4ae0-a436-8aae1aef7698,credits.green,available,62.2,62.2,high,low,7,cloudflare,,,28/09/2026 13:48
bc292edd-f8b5-41cd-ab50-5f732717e0b3,paschal.green,available,11.98,102.98,medium,low,7,namecheap,,,08/09/2026 02:20
7cf4b6df-2460-4f4f-9ab8-7936f7e930d7,insulin.green,available,6.64,66.56,high,low,7,dynadot,,,29/09/2026 19:20
bec7d16e-4e01-4056-ba88-f384d1313061,sponge.green,available,11.98,102.98,high,low,6,namecheap,,,11/08/2026 09:32
d49f6488-9d14-432c-b732-abde58ced76a,portent.green,available,11.98,102.98,medium,low,7,namecheap,,,09/09/2026 02:55
0f6520b0-cf41-4660-b27c-2ad9f074f5a4,hewlett.green,available,14.99,79.99,medium,low,7,namesilo,,,28/09/2026 23:16
3863f1c1-7e54-4d9e-bc03-a928870156fd,downfield.green,available,11.98,102.98,medium,low,9,namecheap,,,14/08/2026 17:39
f1adf229-fd54-4bac-978b-3fb47085ece8,swagman.green,available,11.98,102.98,medium,low,7,namecheap,,,11/09/2026 05:01
fb037579-65cc-47a8-958d-e29f251e7db6,amusement.green,available,6.69,64.37,high,low,9,porkbun,,,30/09/2026 03:14
ae0ce21a-df1f-4f3a-8c9d-e38b3da83a29,slaughtered.green,available,6.64,66.56,medium,low,11,dynadot,,,29/09/2026 05:12
e0ab0785-46d2-4a00-9c8e-97dfc039eae3,schwartz.green,available,14.99,79.99,high,low,8,namesilo,,,25/09/2026 15:46
d10fea29-4e4e-40ae-8436-e79f21ef7916,spectacular.green,available,14.99,79.99,high,low,11,namesilo,,,27/09/2026 17:02
c809a588-eaca-48c2-8278-fa42179409b0,experiencing.green,available,14.99,79.99,high,low,12,namesilo,,,28/09/2026 13:20
5bea450d-7696-4d24-82d9-51c9dd061e58,pontiff.green,available,11.98,102.98,medium,low,7,namecheap,,,23/09/2026 21:52
5bedf14a-9e1b-4f35-87e4-bc5abd700825,palatal.green,available,11.98,102.98,medium,low,7,namecheap,,,04/09/2026 23:18
de32ff33-d03f-4b38-a416-3880d3b9f905,kicks.green,premium,118.8,118.8,high,low,5,namesilo,,,18/09/2026 05:38
1ab072e9-2076-43de-abfa-d220112731d3,tangy.green,available,11.98,102.98,high,low,5,namecheap,,,22/08/2026 23:32
ee608079-a343-4b3a-9d2c-e2ebacf6601d,garish.green,available,11.98,102.98,medium,low,6,namecheap,,,18/08/2026 06:35
67d28cb3-720e-413e-838d-ce5809c78121,twitch.green,available,62.2,62.2,high,medium,6,cloudflare,,,29/09/2026 13:36
a80a69ae-7e2f-4038-bb06-ab9594913502,wilt.green,available,62.2,62.2,high,low,4,cloudflare,,,30/09/2026 19:06
905c5fc3-de94-4fdf-abd2-7f36694a308a,libertine.green,available,11.99,107.99,medium,low,9,name.com,,,13/08/2026 20:22
ca27cfa3-5487-4a4a-ac3c-d961029e1b31,mandate.green,available,14.99,79.99,medium,low,7,namesilo,,,29/09/2026 15:56
b9f66ccd-fbde-494c-be50-826d1d119642,numbing.green,available,11.98,102.98,medium,low,7,namecheap,,,03/09/2026 22:49
46852e47-3b9b-4d60-8380-a53fc9bad418,bunker.green,available,14.99,79.99,high,low,6,namesilo,,,28/09/2026 05:21
014edc6e-31cb-4ec1-8614-837e76682e1f,lottery.green,premium,780,780,high,low,7,namecheap,,,30/09/2026 03:22
9ab402d9-2e01-49c6-962d-a835345f7392,strapped.green,available,14.99,79.99,medium,low,8,namesilo,,,30/09/2026 00:36
97860f4e-443e-4a49-8c15-f92eadf6032b,jovial.green,available,11.98,102.98,high,low,6,namecheap,,,22/08/2026 13:42
1ecce8fa-da59-4144-9a3b-574c72a09e88,arch.green,available,14.99,79.99,high,medium,4,namesilo,,,22/09/2026 07:38
fbeddae7-346a-4b36-8a85-b328b4cbc59b,yuri.green,available,14.99,79.99,high,low,4,namesilo,,,28/09/2026 07:44
c22121d8-f973-4129-a8b8-49253a456129,biosensors.green,available,14.99,79.99,medium,low,10,namesilo,,,21/09/2026 02:37
5dc07361-fe8f-4b72-aa08-424ed96da085,serene.green,premium,625,625,high,low,6,name.com,,,11/08/2026 14:51
8f9d337a-2ed8-4e4b-949e-124a85e27df3,shelf.green,available,6.69,64.37,high,low,5,porkbun,,,30/09/2026 02:43
1cc18314-1009-425b-ba8b-21b790d0f144,mordant.green,available,11.98,102.98,medium,low,7,namecheap,,,13/08/2026 02:11
bb11890f-1b79-4297-86e5-1ef3a47af45f,sulphur.green,available,14.99,79.99,medium,low,7,namesilo,,,20/09/2026 22:29
9d47a81b-8a47-492a-ac5a-4528e40181d9,harbour.green,available,62.2,62.2,high,low,7,cloudflare,,,29/09/2026 01:13
aef2a212-11ec-4ba2-b913-d88fe40ebb41,malignant.green,available,11.98,102.98,medium,low,9,namecheap,,,24/08/2026 14:08
07f4c373-3e8c-4539-9d97-a39ea38ab1d6,pulpit.green,available,14.99,79.99,high,low,6,namesilo,,,18/09/2026 17:14
cabb3c26-cd9f-437f-80f8-d54fde501c21,comate.green,available,11.98,102.98,low,low,6,namecheap,,,12/08/2026 18:20
2c1482b7-6a04-40ed-b892-22f6856ca4d5,sextet.green,available,11.98,102.98,medium,low,6,namecheap,,,
35162653-572a-454c-a6eb-72a1cb16c250,appreciation.green,available,11.99,,high,low,12,name.com,,,
9be22c34-42e1-4a1f-a214-0a6caa9382a8,dickson.green,available,14.99,79.99,high,low,7,namesilo,,,25/09/2026 15:42
d904cc5c-2f30-4e75-a6bf-9009d925edfd,commanding.green,available,14.99,79.99,high,low,10,namesilo,,,23/09/2026 15:41
cce0596e-f7ef-4806-9957-b7eba9d31338,ravaged.green,available,11.98,102.98,medium,low,7,namecheap,,,14/08/2026 04:29
3db0ffad-5d54-4758-a283-889da891b076,hobbies.green,premium,302.5,302.5,medium,low,7,namesilo,,,20/09/2026 22:38
f1d30e49-37b3-4dd4-8da0-088066ffb5f6,magistrate.green,available,62.2,62.2,high,low,10,cloudflare,,,01/10/2026 02:56
5c58a4ef-0c49-45e1-baf1-c2e695ccae3d,encounter.green,available,11.98,102.98,high,low,9,namecheap,,,25/09/2026 19:00
ee22cdb8-8ab9-4485-b41a-e381348df8cc,modernity.green,available,14.99,79.99,high,low,9,namesilo,,,24/09/2026 17:40
8113d2d1-f392-404c-ace6-8cfe128fd733,down.green,premium,650,650,high,low,4,namecheap,,,24/09/2026 11:53
193836de-2691-4d36-bafb-2d54b7db3148,faustian.green,available,11.98,102.98,medium,low,8,namecheap,,,18/08/2026 00:10
aa207584-547a-4d94-aa91-6bb5d34adc46,zithromax.green,available,14.99,79.99,medium,low,9,namesilo,,,21/09/2026 11:16
0619c6bb-3845-46dd-849f-2ffb04a0dcc4,might.green,available,14.99,79.99,high,low,5,namesilo,,,30/09/2026 04:30
256a3cee-ce1e-4903-b4d9-4d189e895142,find.green,premium,312.5,,high,medium,4,name.com,,,29/09/2026 04:04
cfecf68e-797b-4a9a-b36d-3d7982322104,disordered.green,available,11.98,102.98,medium,low,10,namecheap,,,14/08/2026 11:18
72421964-dda0-4779-8927-af87dc4311ab,della.green,available,10.55,64.37,medium,low,5,spaceship,,,29/09/2026 04:03
94088bb5-a842-4b8e-894a-013fc13d9beb,clementine.green,available,14.99,79.99,high,low,10,namesilo,,,24/09/2026 15:33
f855110a-38d1-48f8-9bc2-608eb1068085,stockholm.green,premium,640,640,high,low,9,namesilo,,,29/09/2026 07:01
eb257e29-5fde-45f1-b3b0-a2538e9dbd99,dancing.green,premium,640,640,high,low,7,namesilo,,,25/09/2026 04:44
e4ae0447-2c80-46c9-b577-9ad9615e9bf9,vegetable.green,premium,1107,1107,high,low,9,namesilo,,,30/09/2026 14:21
ef47dce6-2382-4458-9fa1-d32c13d4681c,heavyweight.green,available,10.55,64.37,high,low,11,spaceship,,,29/09/2026 03:05
eaec2ef0-764d-485d-9098-f7d33a632155,aleutian.green,available,11.98,102.98,high,low,8,namecheap,,,
049fe1cb-0ebd-43aa-9eca-b0ad9a8bbb47,allergic.green,available,14.99,79.99,high,low,8,namesilo,,,22/09/2026 01:25
ec5a1096-ea72-4ae1-9222-5025647c6d4c,enamored.green,available,11.98,102.98,high,low,8,namecheap,,,16/08/2026 21:09
20b4cdd7-88e9-4475-98e1-378cbbd9a38b,coats.green,premium,302.5,302.5,high,low,5,namesilo,,,17/09/2026 00:23
b6fd7f6a-de77-4c1e-8091-bad8221e7b12,clarence.green,available,14.99,79.99,high,low,8,namesilo,,,27/09/2026 12:32
adb67b6a-096e-4c9b-a3da-131d282029a9,facade.green,available,14.99,79.99,high,low,6,namesilo,,,30/09/2026 09:35
e8227b43-43e1-4a9d-9512-71c1d03ed5ec,fugo.green,available,11.98,102.98,medium,low,4,namecheap,,,21/09/2026 23:09
f588246c-0a92-4088-9e0d-80622b39de3d,watch.green,premium,1107,1107,high,medium,5,namesilo,,,30/09/2026 03:19
e77d701c-253a-4134-9b44-9094bcbabfbe,astrology.green,available,11.98,102.98,high,low,9,namecheap,,,20/09/2026 17:48
fa92003a-fd65-4dad-8a37-ed7678b1e803,enate.green,available,11.98,102.98,medium,low,5,namecheap,,,16/08/2026 21:18
738b9de4-6cc3-4e40-8d5d-d7b38e8c7289,bagpipe.green,available,11.98,102.98,high,low,7,namecheap,,,21/09/2026 18:26
06999994-697e-4afd-bce1-bcd6c7c625bc,concessions.green,available,10.55,64.37,medium,low,11,spaceship,,,30/09/2026 23:40
58d59e7c-8755-4c99-a181-c65ead2ec465,trice.green,available,11.98,102.98,medium,low,5,namecheap,,,22/08/2026 07:32
98bfe90a-6bc6-46a9-a81c-08646021672e,distinctly.green,available,11.98,102.98,high,low,10,namecheap,,,14/09/2026 13:19
5a2e7e4c-5f84-43dc-be2c-59e41e147346,tumescent.green,available,11.98,102.98,medium,low,9,namecheap,,,22/08/2026 08:52
f6e654ce-2343-4d5c-8870-06207dc3abbb,kilometers.green,available,11.98,102.98,medium,low,10,namecheap,,,28/09/2026 23:06
3ea1e020-b096-4679-ad22-1e639b54f99f,wedge.green,available,62.2,62.2,medium,low,5,cloudflare,,,28/09/2026 13:53
63b5da3f-1f5e-4108-b175-64ae637b36bd,protozoan.green,available,11.98,102.98,high,low,9,namecheap,,,09/09/2026 04:12
65b9783a-af35-42c0-a353-aec750b8b2a2,pores.green,available,10.55,64.37,low,low,5,spaceship,,,30/09/2026 14:43
0e05ec38-0b67-4557-b548-fb66b01a2cc8,unexpectedly.green,available,10.55,64.37,medium,low,12,spaceship,,,29/09/2026 03:10
461a85aa-296d-4532-95ba-a1c9cf5abd30,cathy.green,premium,1107,1107,high,low,5,namesilo,,,17/09/2026 16:36
7f4ffbb0-5cf6-4709-ac56-2d59051b6452,sneeze.green,available,11.98,102.98,high,low,6,namecheap,,,30/09/2026 11:17
62642b08-89a8-4cc4-a254-73c8ab2e9e56,writing.green,premium,517.7,517.7,high,low,7,spaceship,,,28/09/2026 23:21
909b4a9f-0969-42d0-87a5-54f03cddf87f,landon.green,available,6.64,66.56,medium,low,6,dynadot,,,28/09/2026 22:03
0ae3fdcb-cb08-442a-b278-a6e75364e04b,gamba.green,available,14.99,79.99,medium,low,5,namesilo,,,22/09/2026 11:54
0266ad3c-a018-458d-9de7-1bc47a7efe8b,lordless.green,available,11.98,102.98,low,low,8,namecheap,,,24/08/2026 09:52
099020a8-4c7c-4e95-9c2f-1c5b266d1312,gathered.green,available,11.98,102.98,high,low,8,namecheap,,,12/08/2026 17:02
7b7ad04f-c2b5-4bd6-b2a9-a9af330baab0,affaire.green,available,14.99,79.99,medium,low,7,namesilo,,,17/09/2026 14:00
21ac4cdf-39d8-48aa-a275-848d153015f1,slapstick.green,available,11.98,102.98,high,low,9,namecheap,,,10/09/2026 10:03
95b417ee-7a2e-4877-bbad-8c9068edede6,alkaloid.green,available,14.99,79.99,high,low,8,namesilo,,,18/09/2026 08:21
012e2b1d-1e30-4255-9730-104eabd826b9,mime.green,available,11.98,102.98,medium,low,4,namecheap,,,24/08/2026 23:33
bd0b9dc5-8804-42ec-a09a-b8b37c32b96e,handkerchief.green,available,14.99,79.99,high,low,12,namesilo,,,30/09/2026 06:03
dd0a4023-350f-4607-be35-593f449eae0e,ouse.green,available,10.55,64.37,medium,low,4,spaceship,,,01/10/2026 03:10
2272511a-c64a-457b-bc25-5994af31f976,schleswig.green,available,10.55,64.37,medium,low,9,spaceship,,,30/09/2026 05:21
0e97e908-7222-46f1-8394-6518bf24fe65,fifties.green,available,11.98,102.98,high,low,7,namecheap,,,16/09/2026 12:10
854d2c51-f994-4bb9-bf2d-2037fa2c596a,headset.green,available,10.55,64.37,high,low,7,spaceship,,,01/10/2026 02:32
2ea205a4-a66a-4437-b832-885c30fdd5ac,memorize.green,available,62.2,62.2,high,low,8,cloudflare,,,30/09/2026 20:33
e2e1c284-33ae-4379-9b54-e465b241452f,participants.green,available,14.99,79.99,medium,low,12,namesilo,,,18/09/2026 04:57
b742de74-fdb9-4a02-ac2b-a944581e9066,depraved.green,available,11.98,102.98,medium,low,8,namecheap,,,14/08/2026 02:29
7286f131-fbad-4a92-b694-dc79269aeac1,honcho.green,available,11.98,102.98,high,low,6,namecheap,,,10/08/2026 20:40
484d1fe9-a919-4aea-8630-890ca86b1353,fusiform.green,available,11.98,102.98,medium,low,8,namecheap,,,12/08/2026 08:02
eb960481-a539-45e2-b615-ae704e9cc213,gimp.green,available,11.98,102.98,medium,low,4,namecheap,,,23/08/2026 13:28
2070ba19-8ca2-4465-9b41-2fdf1cb2b77d,theropod.green,available,11.98,102.98,medium,low,8,namecheap,,,23/09/2026 19:39
6bc90120-e15f-4974-af79-887e8a39d085,discreetly.green,available,11.98,102.98,medium,low,10,namecheap,,,14/09/2026 13:04
48928433-0782-4930-aae5-b9c94ebc78a7,cunningham.green,available,14.99,79.99,high,low,10,namesilo,,,25/09/2026 04:27
d21e29ab-9f20-4bbf-8b31-7d3ee82f7524,lingo.green,available,11.98,102.98,medium,low,5,namecheap,,,13/09/2026 04:12
8d5f99fe-4a19-4047-8bed-2ce6bac9b183,hoax.green,available,19.99,131.99,high,low,4,godaddy,,,30/09/2026 01:25
298a72e2-82e0-4a90-92a5-52a722f11580,mickle.green,available,11.98,102.98,medium,low,6,namecheap,,,25/08/2026 00:32
885931c5-1b2f-48f8-b2d2-d8a9d6aa5d07,residue.green,available,11.98,102.98,high,low,7,namecheap,,,09/09/2026 15:05
528230e5-061a-48af-af6d-9401c63c8257,katharine.green,available,11.98,102.98,high,low,9,namecheap,,,30/09/2026 04:44
30319796-8981-4763-85ca-41ccb4bc4429,marbles.green,available,11.98,102.98,high,low,7,namecheap,,,29/09/2026 07:32
313fa7f3-b280-48d7-bd42-d6e9431f1e77,nelson.green,premium,1107,1107,high,low,6,namesilo,,,17/09/2026 08:49
7e2e3dd3-015c-4084-bfa4-cea36916f543,want.green,available,6.69,64.37,high,low,4,porkbun,,,29/09/2026 13:33
489a972d-e43a-4788-a7b1-9b82d5108eff,abettal.green,available,14.99,79.99,medium,low,7,namesilo,,,16/09/2026 15:18
9a1af478-a027-4671-9da9-d6554f942c3c,bastards.green,available,62.2,62.2,medium,low,8,cloudflare,,,29/09/2026 11:17
d65bc8b2-d5aa-416d-a3c3-fe3e9de4b688,enters.green,available,10.55,64.37,low,low,6,spaceship,,,28/09/2026 17:22
410593ea-481e-4945-b32a-6e821f4f544b,controller.green,available,62.2,62.2,high,low,10,cloudflare,,,28/09/2026 06:44
565fe0b4-0b2e-413a-bbaf-24971820025a,disrupt.green,available,11.99,107.99,high,low,7,name.com,,,13/08/2026 12:40
b70e65e4-1796-422e-981b-0e7019d6819d,ceremonial.green,available,11.98,102.98,high,low,10,namecheap,,,19/09/2026 15:03
11d13517-f02e-4ad4-918d-0d22c08f75b2,kidding.green,available,10.55,64.37,high,low,7,spaceship,,,29/09/2026 03:02
3510baf4-949f-4042-9db7-75fb748209a6,grapes.green,premium,1035.2,1035.2,high,low,6,spaceship,,,28/09/2026 12:35
301c72a6-2ab8-4746-843d-55f4dc70a93e,atoms.green,available,14.99,79.99,high,low,5,namesilo,,,29/09/2026 16:34
c4cc89a5-2785-4821-8bf9-f239c6fca11a,techy.green,available,11.98,102.98,medium,low,5,namecheap,,,22/08/2026 10:32
2065e1be-8166-41ee-8055-d537de72b10e,cipher.green,available,11.98,102.98,high,low,6,namecheap,,,08/09/2026 15:11
6f18a687-96a5-47d9-be26-9430f5de52c1,guthrie.green,available,14.99,79.99,high,low,7,namesilo,,,25/09/2026 06:47
22aaaab2-91c2-4ecc-9011-d9eaaf2038e7,auricle.green,available,14.99,79.99,medium,low,7,namesilo,,,21/09/2026 00:43
84a63f8a-c32e-4607-9b69-1468263a546b,dastardly.green,available,11.99,107.99,medium,low,9,name.com,,,13/08/2026 18:31
e223e575-a61a-4e2d-bf4c-3b58d32b4072,acquaintance.green,available,14.99,79.99,high,low,12,namesilo,,,28/09/2026 08:20
c8d0db7d-b1d2-46dd-be18-f83ac372fb37,albedo.green,available,11.98,102.98,high,low,6,namecheap,,,18/09/2026 02:30
fc3ec5b7-3559-403c-bea4-b85875158817,persecuted.green,available,6.64,66.56,low,low,10,dynadot,,,30/09/2026 06:36
0a4eca8d-c0a4-42c7-adb9-fec8dcbaffe4,jazzy.green,available,11.98,102.98,high,low,5,namecheap,,,22/08/2026 12:35
a3d563ca-537c-4336-acab-99c65cf0f4e5,bathsheba.green,available,14.99,79.99,medium,low,9,namesilo,,,22/09/2026 13:52
d72ad87c-bb71-4f1f-939d-a65f50063db7,whistler.green,available,62.2,62.2,high,low,8,cloudflare,,,30/09/2026 00:54
76746b34-80ca-4854-830f-27286c94b64b,eruption.green,available,14.99,79.99,high,low,8,namesilo,,,24/09/2026 15:18
26431f03-e536-4dd1-adf8-53485a95355e,piano.green,premium,650,650,high,low,5,namecheap,,,27/09/2026 03:41
3df27439-17c1-47a7-8760-3d4c48301e28,stat.green,available,11.99,,high,low,4,name.com,,,
4129e051-3c06-4e3c-8e86-62e0c47a8aa6,cannons.green,available,10.55,64.37,medium,low,7,spaceship,,,30/09/2026 16:08
5726d9ff-2a69-4508-ad35-96e3d1b76fcb,devious.green,available,11.98,102.98,medium,low,7,namecheap,,,14/08/2026 05:10
72edbbbc-aa58-4330-b42d-c814730f4529,baseness.green,available,14.99,79.99,medium,low,8,namesilo,,,22/09/2026 10:25
f27e99b1-5319-46ab-99a8-43627c7d62c8,aggro.green,available,11.98,102.98,medium,low,5,namecheap,,,17/09/2026 17:46
426773b9-7aad-44e7-b5ee-1c54aea522fe,download.green,premium,640,640,high,low,8,namesilo,,,28/09/2026 06:58
ca317731-b8f3-4089-bda4-ce4d2bd70382,blenny.green,available,14.99,79.99,medium,low,6,namesilo,,,24/09/2026 06:00
ccb8fe61-da00-4bf0-a9da-a5e3d5cec436,marburg.green,available,11.98,102.98,medium,low,7,namecheap,,,29/09/2026 10:08
63625b5d-00ef-4db3-8596-d954da756aec,tuppeny.green,available,11.98,102.98,medium,low,7,namecheap,,,10/09/2026 09:12
1b08adc8-9b8e-487e-9ad7-498a1bcf230a,elmo.green,available,10.55,64.37,high,low,4,spaceship,,,30/09/2026 05:11
6f88211b-669c-468d-9311-d6273447b319,muriel.green,available,11.98,102.98,medium,low,6,namecheap,,,28/09/2026 12:06
a726ffbd-d9a9-4e6b-98a4-f329e772cb6b,adjustments.green,available,10.55,64.37,medium,low,11,spaceship,,,30/09/2026 00:44
e996ecc2-096a-475e-816d-33eed9efea55,noctuidae.green,available,14.99,79.99,high,low,9,namesilo,,,30/09/2026 17:16
d8a366a5-e469-4747-b8b9-7366453c0bf9,bhakti.green,available,14.99,79.99,medium,low,6,namesilo,,,23/09/2026 12:33
2fcc60e7-448b-461a-b367-dcddc8718ab9,sex.green,premium,2750,2750,high,medium,3,dynadot,,,30/09/2026 11:00
91365dc5-8901-4caa-a2ce-31fcf1fe3733,extending.green,available,62.2,62.2,medium,low,9,cloudflare,,,29/09/2026 10:43
87bea700-6489-407f-a600-8744fafb31a3,best.green,premium,325,325,high,medium,4,namecheap,,,22/09/2026 19:49
8eb08b7c-f54d-4873-bcd5-b32f453700b7,primo.green,available,11.98,102.98,high,low,5,namecheap,,,09/09/2026 02:07
c266b094-06fa-47d5-81b5-83a93b2d7a24,unitarian.green,available,11.98,102.98,high,low,9,namecheap,,,12/09/2026 13:56
6edb7379-0a34-41f7-a3bc-5a41d53c1bcf,gamers.green,available,14.99,79.99,high,low,6,namesilo,,,20/09/2026 23:00
1b9c9bbd-9e35-41cc-8be0-7af48f2d9a6d,inventive.green,available,14.99,79.99,high,low,9,namesilo,,,28/09/2026 05:59
5c5f201b-2de8-4ef7-98c3-b1e3d9aa0650,sector.green,available,10.55,64.37,high,low,6,spaceship,,,28/09/2026 03:04
02d6e22a-736c-4680-ae67-b7b93d39c4bf,gaylord.green,available,14.99,79.99,high,low,7,namesilo,,,29/09/2026 03:38
93a26cb1-c11c-4047-9c29-435fc00f9ca4,jew.green,available,14.99,79.99,high,low,3,namesilo,,,25/09/2026 23:17
3e0cde09-613e-422b-b54d-0af4c8272e02,doorbell.green,available,10.55,64.37,medium,low,8,spaceship,,,29/09/2026 22:59
de9eb619-f4a2-4843-aaf6-cbbf3c1b49a9,kaye.green,available,10.55,64.37,high,low,4,spaceship,,,28/09/2026 04:47
baf7dc80-d980-40bb-8a8e-2ce69c94195b,sounding.green,available,14.99,79.99,high,low,8,namesilo,,,25/09/2026 14:20
c56f96b2-43b6-469b-98b8-e4700bccd73a,seconds.green,available,14.99,79.99,high,low,7,namesilo,,,25/09/2026 18:47
13915a03-c1f3-4ce4-9e37-9eff4012c7be,kean.green,available,14.99,79.99,medium,low,4,namesilo,,,29/09/2026 00:45
bd90ea7f-44fb-4512-afe3-118df4595d84,bioassay.green,available,11.98,102.98,medium,low,8,namecheap,,,23/09/2026 17:38
251c8161-3d86-4dce-a1d0-1197c067dc29,complaint.green,available,11.98,102.98,high,low,9,namecheap,,,25/09/2026 07:37
404ab145-17d3-476c-ad4f-009c718a8831,iceberg.green,available,14.99,79.99,high,low,7,namesilo,,,23/09/2026 09:15
6402f53c-7a5a-43e8-b559-b6c62e094be8,admiring.green,available,10.55,64.37,high,low,8,spaceship,,,30/09/2026 19:19
59931e32-58d6-480e-8c92-8e882aa530ba,divorcing.green,available,14.99,79.99,low,low,9,namesilo,,,17/09/2026 22:37
24ef9ec7-41d9-4ad9-958e-0a2bdc53dfb1,radha.green,available,10.55,64.37,medium,low,5,spaceship,,,30/09/2026 21:08
a4870674-ea65-4c0d-a30d-d44ad16b0b78,aimed.green,available,10.55,64.37,high,low,5,spaceship,,,29/09/2026 10:43
8b575f83-4277-4640-92c0-20a3d47c5000,ira.green,premium,550,550,medium,low,3,dynadot,,,28/09/2026 14:31
6c720a42-ad12-4db8-8606-a6d2815c8917,catty.green,available,11.98,102.98,medium,low,5,namecheap,,,10/08/2026 07:23
3f6a5408-36c2-46de-84d6-a8576e55a9b0,continuant.green,available,11.98,102.98,medium,low,10,namecheap,,,12/08/2026 23:17
6ad8fc02-d01f-45bb-afb7-2b4ed1d41e3b,bigarade.green,available,14.99,79.99,medium,low,8,namesilo,,,23/09/2026 15:03
8e9006aa-9f39-4b1e-924f-6b944797f9b4,validating.green,available,11.98,102.98,high,low,10,namecheap,,,12/08/2026 20:53
8bb4a9c4-3120-4b44-ace4-fb855408f4f6,kemp.green,available,14.99,79.99,medium,low,4,namesilo,,,29/09/2026 02:56
d7a846b2-a45c-4090-a2b2-5052f24c40d4,edith.green,premium,258.95,258.95,medium,low,5,spaceship,,,28/09/2026 16:20
2b47c7b9-686a-4b76-8ede-a0a0c87ade07,thankful.green,available,14.99,79.99,high,low,8,namesilo,,,24/09/2026 22:54
6a19bd97-7d98-4678-b425-0ff735a1c2f5,bustling.green,available,11.98,102.98,high,low,8,namecheap,,,11/08/2026 11:21
51f31508-e51b-43f3-88bf-4a3c5d90235e,burgoyne.green,available,11.98,102.98,medium,low,8,namecheap,,,30/09/2026 16:31
15eea594-348b-4d1d-8b1c-17becbf0e959,bookworm.green,available,11.98,102.98,high,low,8,namecheap,,,09/09/2026 23:16
648f1383-0c82-4641-a362-3b97e01827ab,arere.green,available,14.99,79.99,medium,low,5,namesilo,,,20/09/2026 03:56
0bbef0da-dd9e-416c-b059-af14ac19dc20,lonesome.green,available,11.98,102.98,medium,low,8,namecheap,,,28/09/2026 21:14
a9eae0f8-4f68-4dd9-91eb-a6f87801acfc,treating.green,available,14.99,79.99,medium,low,8,namesilo,,,28/09/2026 08:47
d4f96d86-33ef-459b-8a8b-a7643a789a97,cordial.green,available,11.98,102.98,high,low,7,namecheap,,,21/09/2026 21:39
b4925611-ddd1-4f15-a6bc-33ffa01e729e,demoted.green,available,14.99,79.99,low,low,7,namesilo,,,21/09/2026 05:02
64e89f9f-d259-42a5-bbdb-b1311e556f7d,perverse.green,available,11.98,102.98,medium,low,8,namecheap,,,14/08/2026 02:31
f5e60d1a-d82f-4fab-9834-26ccb63ef285,oleg.green,available,6.64,66.56,high,low,4,dynadot,,,29/09/2026 17:51
e78262d0-242e-404d-829a-04e225102cc7,debased.green,available,11.98,102.98,medium,low,7,namecheap,,,
e21dc42e-c141-4a79-98ee-0950a44148f5,staid.green,available,11.98,102.98,medium,low,5,namecheap,,,10/09/2026 01:34
588328ea-5866-4c1a-85b9-dc585e3546b5,bengal.green,available,14.99,79.99,high,low,6,namesilo,,,23/09/2026 07:59
e911553c-bff3-4e23-9e53-81f0df9cdb5e,exogenous.green,available,11.98,102.98,medium,low,9,namecheap,,,17/08/2026 17:33
591a4399-b046-49a6-8c52-2c753e1ec653,contraband.green,available,11.98,102.98,high,low,10,namecheap,,,22/09/2026 21:25
8a5673e6-b856-4771-af41-274cc2739141,sigh.green,available,6.64,66.56,high,low,4,dynadot,,,29/09/2026 20:20
0c6f6e8c-b0c9-4c90-b6bd-a98d5ac867cf,authorship.green,available,14.99,79.99,high,low,10,namesilo,,,21/09/2026 05:26
86c1a368-5eaa-4edf-b56f-4317e431e329,importance.green,available,10.55,64.37,high,low,10,spaceship,,,29/09/2026 21:24
e6816bb0-9de6-476b-a7e4-cd47ff8482ca,merits.green,available,62.2,62.2,medium,low,6,cloudflare,,,29/09/2026 16:29
ca726dcc-62da-458a-9d1b-8e19287ba548,xli.green,available,11.98,102.98,medium,low,3,namecheap,,,
6599c2f9-5c68-4a00-9a18-c94d3857cb19,insolent.green,available,11.98,102.98,medium,low,8,namecheap,,,11/08/2026 02:56
3dbde683-42a3-4fe0-97f5-e88520a73fbe,limbs.green,available,10.55,64.37,medium,low,5,spaceship,,,29/09/2026 04:58
38825eb8-4bdf-46a7-9728-db7c8bd5fa47,answerer.green,available,14.99,79.99,medium,low,8,namesilo,,,19/09/2026 12:14
6be6f353-ea3f-49a5-ab1d-df8d44368d5d,passing.green,available,14.99,79.99,high,low,7,namesilo,,,24/09/2026 14:24
9fb239d6-6514-4939-9901-f5cfb9b2a70b,mutt.green,available,6.64,66.56,high,low,4,dynadot,,,01/10/2026 01:39
9225978a-b241-4636-958b-bfddc051404c,chemist.green,available,14.99,79.99,high,low,7,namesilo,,,19/09/2026 19:39
61992841-2834-408b-a0e5-c03c2d8c25cd,dearly.green,available,11.99,107.99,medium,low,6,name.com,,,13/08/2026 20:00
7233ec59-d531-4a7d-b98e-548b7b9c28a0,dislocated.green,available,11.98,102.98,medium,low,10,namecheap,,,14/08/2026 11:31
07924a77-2db4-491c-b33e-95f23c2d68b9,junkie.green,available,11.98,102.98,medium,low,6,namecheap,,,17/09/2026 06:51
33d38e76-3450-45fb-afa7-bb21d767e2de,counterfeit.green,available,10.55,64.37,high,low,11,spaceship,,,29/09/2026 08:25
76d6a244-c9f1-4298-9457-c2aaee50370e,bergamot.green,available,11.98,102.98,high,low,8,namecheap,,,23/09/2026 09:18
7e58d21f-75b2-42a3-843d-d1bbcf1e7ff9,administer.green,available,14.99,79.99,high,low,10,namesilo,,,29/09/2026 14:10
335d4f73-0830-4283-b220-b6379bc989d8,rhine.green,available,10.55,64.37,high,low,5,spaceship,,,30/09/2026 17:42
e6f5f133-fe71-44e2-be31-9ca5eef69b00,rarefied.green,available,11.98,102.98,medium,low,8,namecheap,,,17/08/2026 15:44
5fe1b3b6-f24b-4f15-b58e-e6a4ff6c99cf,troubling.green,available,11.98,102.98,medium,low,9,namecheap,,,14/08/2026 13:19
55e9ecc8-3f26-4440-8332-8b6d4320ceb8,nihility.green,available,11.98,102.98,medium,low,8,namecheap,,,13/09/2026 06:35
b61fec67-d469-4bc0-9513-f8b8c3dd478a,ashes.green,available,14.99,79.99,medium,low,5,namesilo,,,27/09/2026 09:10
d499d900-ae53-4590-8337-21e04a819ebf,rep.green,premium,517.7,517.7,high,low,3,spaceship,,,30/09/2026 09:50
93ae88a8-164a-46fc-a14e-15a16c4983b3,rts.green,available,14.99,79.99,high,low,3,namesilo,,,29/09/2026 14:51
d1c5ac7a-3c52-40e4-a22b-2cf68367014d,pimiento.green,available,11.99,107.99,high,low,8,name.com,,,23/09/2026 05:38
e2a06ad7-05e9-4f52-9a8c-5bd142374ee7,borders.green,available,14.99,79.99,medium,low,7,namesilo,,,28/09/2026 23:27
db6ba97f-66b0-4b80-a26b-0d2294eb0f30,outbound.green,available,11.98,102.98,high,low,8,namecheap,,,04/09/2026 18:57
d861be8f-7b9c-46fd-b408-6f9cd72b419a,shorten.green,available,10.55,64.37,high,low,7,spaceship,,,30/09/2026 19:09
0f70d4dd-4e15-48af-8021-3d233fabc042,refused.green,available,11.98,102.98,medium,low,7,namecheap,,,18/09/2026 13:40
b74dc127-67ba-43b9-95d6-bd8f05eb7b4b,lapse.green,available,10.55,64.37,high,low,5,spaceship,,,27/09/2026 14:20
f6f5d85b-2563-4788-b16e-0ef5875633b1,dignifying.green,available,11.98,102.98,medium,low,10,namecheap,,,14/08/2026 07:23
d5c309e3-d6ea-4ef0-8663-b68d22a21cbc,vernal.green,available,11.98,102.98,high,low,6,namecheap,,,13/09/2026 04:19
5d9f6fea-67f9-45ec-b7e1-4359b6f00167,dutch.green,premium,640,640,high,low,5,namesilo,,,24/09/2026 12:34
a7755e70-d529-4f3d-a292-2e1659948c63,nonuple.green,available,11.98,102.98,low,low,7,namecheap,,,03/09/2026 17:30
a38db550-ab0d-4d1a-be92-50a23c164f77,yuck.green,available,19.99,131.99,high,low,4,godaddy,,,01/10/2026 01:02
b04a2ebb-22ce-4f85-98a8-cf6e93e748eb,pirate.green,premium,517.7,517.7,high,low,6,spaceship,,,29/09/2026 04:52
9858b28f-6e20-4b27-acba-bd30c38ebdc5,xiii.green,available,14.99,79.99,high,low,4,namesilo,,,21/09/2026 11:34
b90d053f-fc18-4670-8000-39f52a3e47c1,nag.green,available,14.99,79.99,high,low,3,namesilo,,,24/09/2026 16:35
25c78843-b7f9-477f-a266-4fcc85ccc47c,nonzero.green,available,11.98,102.98,high,low,8,namecheap,,,03/09/2026 18:39
b86b779a-cf3b-4f2d-85a6-eb03830e52cf,affecting.green,available,11.98,102.98,high,low,9,namecheap,,,
5a2bbe33-838b-4c00-a4b7-a9b13499fd8a,est.green,premium,,,high,low,3,,,,28/09/2026 01:49
930fd014-d640-41f9-b2cb-d3d310267dbe,paragraph.green,available,10.55,64.37,high,low,9,spaceship,,,28/09/2026 15:02
cd281831-5224-4f3e-bcaa-a289f5855281,parkway.green,available,11.98,102.98,high,low,7,namecheap,,,30/09/2026 10:48
0e701714-a8a8-4607-999f-5dc9d96f405f,vitally.green,available,11.98,102.98,high,low,7,namecheap,,,16/09/2026 11:05
d575b86f-3654-4e9b-9a5a-9e7904a50590,modishly.green,available,11.98,102.98,medium,low,8,namecheap,,,15/09/2026 15:15
497eb64a-8eef-4d35-83ce-84f1843e359b,snatched.green,available,6.69,64.37,medium,low,8,porkbun,,,29/09/2026 21:12
d4d8d19c-381f-4613-9e36-06b0b453553b,melchior.green,available,62.2,62.2,high,low,8,cloudflare,,,30/09/2026 17:52
4a8ed6eb-8ecc-4a83-9481-2455e60e2bd3,cauterize.green,available,11.98,102.98,medium,low,9,namecheap,,,11/08/2026 14:34
6f0c6f3f-c478-4168-96e7-81cf0f01f831,secretly.green,available,11.98,102.98,medium,low,8,namecheap,,,15/09/2026 06:37
9a3c7919-3e44-445f-817b-25e1b82bc62c,bursting.green,available,6.64,66.56,high,low,8,dynadot,,,30/09/2026 12:02
a951124a-9e74-4c1a-a3e1-4e716b4b476e,tearless.green,available,11.98,102.98,medium,low,8,namecheap,,,14/08/2026 20:31
55d18699-709b-4c87-9c11-ac04eec2081f,schnabel.green,available,14.99,79.99,high,low,8,namesilo,,,20/09/2026 12:04
815d1303-94c1-4fc5-815c-013153248b1f,sentences.green,available,11.98,102.98,medium,low,9,namecheap,,,16/09/2026 20:11
1d5dc563-2ea9-4c9a-ba4b-30d8f2e9ae0e,commissioner.green,available,10.55,64.37,high,low,12,spaceship,,,27/09/2026 17:50
b2f530eb-080b-43a4-87a5-fbdd1bdd8c82,consolidated.green,available,11.98,102.98,high,low,12,namecheap,,,29/09/2026 16:56
aaae40b6-5900-463f-9f55-439aba9d8b53,fuckster.green,available,11.99,,medium,low,8,name.com,,,
ec1629e4-0ec6-4f6c-adda-7aff913c7b5f,antisemitism.green,available,10.55,64.37,medium,low,12,spaceship,,,30/09/2026 05:46
b443b3e8-81df-4987-8594-2d073111bc90,defiance.green,available,10.55,64.37,medium,low,8,spaceship,,,29/09/2026 12:02
1b4e9a66-81d2-483f-a42f-d35675290b5d,pyrenees.green,available,6.69,64.37,high,low,8,porkbun,,,30/09/2026 08:57
57af3a25-81bc-4d0a-a387-3fb450ce837f,hpa.green,available,11.98,102.98,medium,low,3,namecheap,,,30/09/2026 20:42
e874e25e-f0a5-4817-8a53-a847dd206231,optically.green,available,11.98,102.98,medium,low,9,namecheap,,,15/09/2026 18:03
30763bc0-8a86-4b67-a018-bfe1a6aac524,hardcover.green,available,11.98,102.98,high,low,9,namecheap,,,21/08/2026 00:44
0b6e70c8-fa53-4bb0-a348-e671b685ce38,hypothetic.green,available,11.98,102.98,medium,low,10,namecheap,,,12/08/2026 22:01
9ef37e39-3a4b-4f2e-bcb4-7e587c5275d4,bartholdi.green,available,14.99,79.99,medium,low,9,namesilo,,,22/09/2026 09:11
a31f3a56-c835-428c-9449-090e49766990,hayes.green,available,14.99,79.99,high,low,5,namesilo,,,28/09/2026 05:58
cbded255-79a9-4e4f-a38a-bbc2f0ac7e5d,kenny.green,premium,1107,1107,medium,low,5,namesilo,,,26/09/2026 03:38
1337cebe-5804-4657-80d8-36b038865d37,tube.green,available,14.99,79.99,high,low,4,namesilo,,,25/09/2026 22:34
38f38950-4bd5-41fd-ab42-3a0c1dc82708,yazoo.green,available,14.99,79.99,medium,low,5,namesilo,,,29/09/2026 20:37
581ae945-1923-43b5-a2a7-52b53aef87da,adair.green,available,62.2,62.2,medium,low,5,cloudflare,,,28/09/2026 16:27
468b5ef4-70f2-42da-80c0-65e3d387bb0d,carlo.green,available,6.69,64.37,medium,low,5,porkbun,,,28/09/2026 08:41
7fa259da-4818-4593-979a-2ab4eab80e74,acervulus.green,available,14.99,79.99,medium,low,9,namesilo,,,16/09/2026 23:44
8d5139bc-81f7-4d19-a968-9c53cdeadd0e,brecht.green,available,14.99,79.99,high,low,6,namesilo,,,23/09/2026 10:18
8f92c5b5-ee75-4af0-a3d2-208c464898ac,dara.green,available,62.2,62.2,high,low,4,cloudflare,,,01/10/2026 01:04
10d92bc8-28ae-4666-abe0-1a957ce644db,aqua.green,premium,1995,1995,high,medium,4,namesilo,,,19/09/2026 22:48
217347fa-d85c-471c-b003-008a461798b1,abila.green,available,14.99,79.99,medium,low,5,namesilo,,,16/09/2026 15:52
edddd1c2-bad2-4b26-9611-b131ffe8a112,offence.green,available,11.98,102.98,medium,low,7,namecheap,,,04/09/2026 01:34
63828af4-e1b2-41c0-ae63-7fa31a6282e7,challenging.green,available,11.99,,high,low,11,name.com,,,
30e2facb-0aee-4ac3-906a-d1fce6ff7c6e,rides.green,available,14.99,79.99,medium,low,5,namesilo,,,17/09/2026 06:42
c0cbaaad-f73d-43c0-a7ed-8a442be8ee1a,deplorable.green,available,11.98,102.98,medium,low,10,namecheap,,,12/08/2026 20:22
2e38c9b4-328b-4512-b546-cff307dfd52b,doorstep.green,available,14.99,79.99,high,low,8,namesilo,,,30/09/2026 09:23
e41216ab-6366-4cab-802f-9387a59af6fb,bailment.green,available,11.99,107.99,medium,low,8,name.com,,,21/09/2026 19:09
ec468ef4-33b0-47a6-8552-b3fcb6f74876,spacing.green,available,11.98,102.98,high,low,7,namecheap,,,30/09/2026 18:47
2d75fdcb-b128-4544-af60-84d5618e4538,wheaten.green,available,11.98,102.98,medium,low,7,namecheap,,,13/09/2026 11:15
9934cd1a-a7a0-45da-b768-69ce9ab34d0e,pager.green,available,11.98,102.98,high,low,5,namecheap,,,23/09/2026 01:32
4fcd33db-ad8c-49a5-ad2f-59b0ee9b40ab,strut.green,available,11.98,102.98,high,low,5,namecheap,,,11/09/2026 05:11
356b0799-cafa-4c53-93c2-9a0566dcafbf,fist.green,available,62.2,62.2,high,low,4,cloudflare,,,29/09/2026 09:58
5feb30fb-b1e1-458b-89b3-1641311678eb,baseline.green,available,11.98,102.98,high,low,8,namecheap,,,22/09/2026 10:15
56265625-f082-47bf-b1a4-12b4adf6ca12,guitarist.green,available,14.99,79.99,high,low,9,namesilo,,,01/10/2026 02:21
860c1db4-516f-438d-9ad0-27763201d151,independently.green,available,14.99,79.99,medium,low,13,namesilo,,,29/09/2026 14:31
26324f33-f5a5-4b38-96fc-e0f576db0041,monogenic.green,available,11.98,102.98,medium,low,9,namecheap,,,25/08/2026 05:13
841d3b28-9b9a-491f-941a-02d868b3abcc,night.green,premium,517.7,517.7,high,low,5,spaceship,,,30/09/2026 05:42
37b7d2d0-3bf7-496d-9b6d-a330bb9a3b4d,admiral.green,available,14.99,79.99,high,low,7,namesilo,,,17/09/2026 08:46
7ea61adc-2989-4314-a6e3-877627333098,lucas.green,premium,640,640,high,medium,5,namesilo,,,25/09/2026 06:28
50c3430e-f8bd-4725-8cd9-49eab1206430,trine.green,available,,,medium,low,5,,,,
dedbc5a4-be43-4ebf-945d-e5ff39cf9cdf,aardvark.green,available,14.99,79.99,high,low,8,namesilo,,,16/09/2026 13:21
4711ad91-98ae-42f0-b9ee-628ffde581a6,filter.green,premium,1875,1875,high,low,6,name.com,,,25/09/2026 00:06
409c5c02-07dd-4bec-8eed-2ebc8c010b3b,milfoil.green,available,14.99,79.99,high,low,7,namesilo,,,17/09/2026 00:37
8a3824b5-bccc-41f1-8cf9-497ffdcf5f3f,sheep.green,premium,650,650,high,low,5,namecheap,,,25/09/2026 10:41
788e179b-93e6-4608-810d-909ff42e1ade,goldberg.green,available,11.98,102.98,high,low,8,namecheap,,,25/09/2026 06:35
1e502920-6743-480c-88ef-a54c6fd0127e,swanky.green,available,11.98,102.98,medium,low,6,namecheap,,,11/09/2026 05:15
bcfc1783-4186-4359-bbe8-02df437c2bf8,lyrics.green,premium,625,,high,low,6,name.com,,,
c8cca696-ba9d-43df-b375-fa99f77c6d29,aboulic.green,available,11.98,102.98,medium,low,7,namecheap,,,
469dd80d-13f0-4995-8724-65de6f196979,forgive.green,available,10.55,64.37,high,low,7,spaceship,,,30/09/2026 19:56
ab386662-55a0-4f62-be83-6fd146ed728d,dickinson.green,available,11.98,102.98,high,low,9,namecheap,,,25/09/2026 04:53
ce79912c-d15b-4713-ab85-678bba81302b,uninformed.green,available,11.98,102.98,medium,low,10,namecheap,,,12/09/2026 13:22
988f347d-7cf0-4a5b-917f-06d06c221f32,macleish.green,available,14.99,79.99,medium,low,8,namesilo,,,20/09/2026 02:03
6480ae81-794a-4283-9f5d-b0fdec7a2091,terrifies.green,available,14.99,79.99,low,low,9,namesilo,,,18/09/2026 07:37
f9c9867e-9a52-40ab-8abb-b8aa59267b61,angulate.green,available,11.98,102.98,medium,low,8,namecheap,,,
66fa96c8-fada-4057-a0ff-35d68f32a99d,dynamical.green,available,11.98,102.98,high,low,9,namecheap,,,14/08/2026 21:57
a8e54de3-a92c-41fb-a02f-da4ff64fd268,slightly.green,available,11.98,102.98,medium,low,8,namecheap,,,16/09/2026 02:36
a0469d07-dd96-43ac-9531-1fdc22bfb690,comfort.green,premium,1107,1107,high,low,7,namesilo,,,24/09/2026 16:25
b02302c4-b26f-4815-8b21-3640b9e29bf4,checkbook.green,available,11.98,102.98,high,low,9,namecheap,,,24/09/2026 13:57
3dff40c4-15cb-4223-be04-e0840514cf6a,amon.green,available,11.98,102.98,high,low,4,namecheap,,,18/09/2026 18:27
09879c95-b57b-48c2-a1bc-d5410641a0a8,oldfield.green,available,14.99,79.99,medium,low,8,namesilo,,,22/09/2026 06:52
e5e8f254-8f54-4914-bfce-3627b570971f,darn.green,available,11.99,107.99,high,low,4,name.com,,,13/08/2026 16:10
60f54b86-7f4b-4012-9e78-a6820e9f1fff,customs.green,available,14.99,79.99,high,low,7,namesilo,,,24/09/2026 20:42
23791f4e-a31e-400f-bc3d-161abf0ab226,fated.green,available,11.98,102.98,medium,low,5,namecheap,,,17/08/2026 23:32
59b06414-ee06-4c25-ba3f-80c654eaaaf0,zonary.green,available,11.98,102.98,medium,low,6,namecheap,,,13/09/2026 15:31
eae65146-ee86-4470-b820-b8547b8b5659,encounters.green,available,10.55,64.37,medium,low,10,spaceship,,,29/09/2026 17:37
239e78b9-2285-497f-a239-5730ca719093,chose.green,available,6.69,64.37,high,low,5,porkbun,,,30/09/2026 22:35
658b0c8a-4c3b-4753-9c1a-26f917d7506f,capture.green,available,14.99,79.99,high,low,7,namesilo,,,24/09/2026 12:42
51f1e969-1d9a-4798-a718-bd1891a7c653,respondents.green,available,14.99,79.99,medium,low,11,namesilo,,,25/09/2026 21:41
4aa6336e-71cd-4396-b966-6a93dd66c3b2,drifter.green,available,11.98,102.98,medium,low,7,namecheap,,,13/09/2026 00:50
2554b4ed-dc37-4ada-9ea8-feb6c55f061c,afrikaner.green,available,11.98,102.98,medium,low,9,namecheap,,,
4e3aefc2-2f00-4341-a817-626f26d4fa58,parvenu.green,available,11.98,102.98,medium,low,7,namecheap,,,03/09/2026 22:14
c9d02f6c-a036-4087-90e6-39e86af81de2,passages.green,available,6.64,66.56,medium,low,8,dynadot,,,29/09/2026 16:50
a3686eb5-2534-45da-89bc-6610daa6d7f5,pickaback.green,available,11.98,102.98,medium,low,9,namecheap,,,15/09/2026 19:48
ada05ebe-5344-4ecf-84aa-00c425b3bbeb,dummy.green,available,14.99,79.99,high,low,5,namesilo,,,24/09/2026 12:20
b93bdce5-eec1-4dc3-97fe-9843c1d0bace,cracks.green,available,6.69,64.37,low,low,6,porkbun,,,28/09/2026 13:17
9518b455-cd00-4420-bfe4-b42ae26e9dd1,wajda.green,available,14.99,79.99,medium,low,5,namesilo,,,19/09/2026 05:01
e24880a4-3e16-404c-9805-f64f66b69659,farcical.green,available,11.98,102.98,medium,low,8,namecheap,,,17/08/2026 22:30
8ad4dd05-8101-4bac-a5f6-59fe7984a77a,aramaic.green,available,11.98,102.98,medium,low,7,namecheap,,,06/08/2026 12:13
1826822c-00f4-4b9d-8dd1-e22b2876ec51,shuttle.green,available,10.55,64.37,high,low,7,spaceship,,,27/09/2026 15:53
aa74694a-e3c7-42d5-b710-29c6aeb90570,siam.green,available,62.2,62.2,high,low,4,cloudflare,,,29/09/2026 07:25
0e27d322-6fb2-4be5-af87-6b9630e103e8,overhaul.green,available,10.55,64.37,high,low,8,spaceship,,,30/09/2026 10:14
1e396306-9f0a-45df-8d4c-2a95eb311c42,exothermic.green,available,11.98,102.98,high,low,10,namecheap,,,17/08/2026 17:46
8cd57727-08cd-415b-ae3d-0bc73f22c246,resentful.green,available,11.98,102.98,medium,low,9,namecheap,,,09/09/2026 14:48
3d3395c3-0623-4cea-86ce-fa879814a61b,pepys.green,available,10.55,64.37,medium,low,5,spaceship,,,30/09/2026 18:18
cc9cfbf2-26d6-4b78-9b19-c4099ae6b4ab,susannah.green,available,14.99,79.99,medium,low,8,namesilo,,,29/09/2026 04:06
6efd0288-5a70-4363-9530-d715310d91ff,lifelong.green,available,11.98,102.98,high,low,8,namecheap,,,23/08/2026 01:51
194dfcbb-d7cd-46ea-ae4a-edbd7881aba3,expectation.green,available,62.2,62.2,high,low,11,cloudflare,,,29/09/2026 10:12
8f0b9b4e-e5a9-4e20-9272-58aacd014f56,spiffy.green,available,11.99,107.99,high,low,6,name.com,,,13/08/2026 17:36
04c6f6e6-4d60-4b47-8a63-24bb76b4f7b5,interrogation.green,available,62.2,62.2,medium,low,13,cloudflare,,,28/09/2026 08:22
aed9762a-0b14-46f6-aa02-2a151852325c,aau.green,available,10.55,64.37,high,low,3,spaceship,,,30/09/2026 20:29
e26a95c0-dd19-4724-b885-b6200c2b4e81,bratislava.green,available,62.2,62.2,medium,low,10,cloudflare,,,28/09/2026 13:35
0924950d-6408-404b-8538-a2eba9584ea1,died.green,available,11.99,,low,low,4,name.com,,,
88ea77b3-faeb-4c15-aa6c-403f632bd145,emporium.green,available,6.64,66.56,high,low,8,dynadot,,,29/09/2026 02:36
b962b19a-d012-4e0e-9b8e-d4cbdfa4fd61,mann.green,available,14.99,79.99,high,low,4,namesilo,,,25/09/2026 07:33
03801bb0-b286-4e95-a08b-3b53f4db35f3,wolfgang.green,available,14.99,79.99,high,low,8,namesilo,,,25/09/2026 15:09
ea788794-1b39-4f76-a6cd-cc0dca1af1bb,retro.green,available,14.99,79.99,high,medium,5,namesilo,,,24/09/2026 15:44
73a432fd-51a5-40eb-8db1-f873575e3c01,wanted.green,available,11.98,102.98,high,low,6,namecheap,,,23/09/2026 14:03
994dfef3-c6a1-4046-a2b9-1422442b9dc1,crafts.green,premium,118.8,118.8,medium,low,6,namesilo,,,19/09/2026 02:50
ad334852-99d5-4141-a7d0-5791d33e326f,avesta.green,available,14.99,79.99,medium,low,6,namesilo,,,21/09/2026 09:22
659c184d-463f-4df3-8086-8541631f183b,shipped.green,available,10.55,64.37,medium,low,7,spaceship,,,28/09/2026 13:02
57f6e757-5ccb-41d8-a641-21620f82d3ff,snowden.green,available,62.2,62.2,medium,low,7,cloudflare,,,29/09/2026 11:15
cd4fb03f-52b0-4e8a-ae1b-28c5c8832c82,shoulders.green,available,11.99,,medium,low,9,name.com,,,
fd744fa9-22c6-4c60-a985-4470e5871499,congressional.green,available,62.2,62.2,medium,low,13,cloudflare,,,29/09/2026 09:00
26415b0d-0a1e-41e6-a35f-7b871716e344,amblyopia.green,available,11.98,102.98,medium,low,9,namecheap,,,18/09/2026 17:11
090c62e9-9c75-4e7b-b046-7a4fb73da17b,repeal.green,available,14.99,79.99,medium,low,6,namesilo,,,16/09/2026 17:15
8cb9bb99-b42b-46ed-a0d6-9c8aac520af7,snapped.green,available,14.99,79.99,medium,low,7,namesilo,,,18/09/2026 06:52
b81bcd14-68f1-46af-b309-47c04ba6d39b,cytherea.green,available,14.99,79.99,medium,low,8,namesilo,,,19/09/2026 17:16
19876978-dd33-405d-a2c1-e32e28a248ff,obtained.green,available,11.99,,medium,low,8,name.com,,,
7579a69a-7049-4773-b9d7-e47f80755eee,baldhead.green,available,14.99,79.99,medium,low,8,namesilo,,,21/09/2026 21:41
4bb4efba-5e45-4fd2-b8eb-ff1879c36d2b,nutritive.green,available,11.98,102.98,high,low,9,namecheap,,,08/09/2026 09:04
811d78da-3afa-4538-bd32-e4f640902fc7,soused.green,available,11.98,102.98,low,low,6,namecheap,,,09/08/2026 16:07
5f8204af-ddf0-4e01-bb1d-fbbd5e28c346,fresher.green,available,11.98,102.98,high,low,7,namecheap,,,18/08/2026 15:22
abb47b75-84da-4443-a3e6-21913d1184fa,sub.green,premium,1875,,high,low,3,name.com,,,28/09/2026 01:46
5bd6aa21-5659-4fed-9976-87336b2b728b,maddened.green,available,11.98,102.98,medium,low,8,namecheap,,,
df3148fe-e688-40fc-bf84-3a630c2ca6d1,guyanese.green,available,11.98,102.98,high,low,8,namecheap,,,20/08/2026 21:17
468c75e6-3fec-436e-9557-41584b2b1083,circulating.green,available,62.2,62.2,medium,low,11,cloudflare,,,30/09/2026 06:04
e7d8e414-48a6-4486-83cb-2be696279a6e,peggy.green,available,14.99,79.99,high,low,5,namesilo,,,25/09/2026 13:02
cf388889-90ef-4514-8656-881ef4f7378b,jedi.green,available,11.98,102.98,high,low,4,namecheap,,,30/09/2026 15:01
fa528bc0-bd05-4d31-9510-c8c013940a3a,disclose.green,available,10.55,64.37,high,low,8,spaceship,,,29/09/2026 20:42
ba8d4b40-057c-45b6-9264-41ed79156896,organized.green,available,14.99,79.99,high,low,9,namesilo,,,26/09/2026 00:25
f04dfe1d-fbd1-4724-b93f-ccb165146dd1,beech.green,available,11.98,102.98,high,low,5,namecheap,,,23/09/2026 00:02
70e61ea8-0516-4442-bfbd-17971ddf5eb3,figures.green,available,11.99,,medium,low,7,name.com,,,
d8654c34-b597-4530-9052-7a09b4ab00d0,fries.green,available,14.99,79.99,high,low,5,namesilo,,,24/09/2026 14:42
04bcd98e-4428-414a-918a-49a8385e3a9f,veil.green,available,6.69,64.37,high,low,4,porkbun,,,29/09/2026 06:45
651c70e9-d916-4926-9d58-2cf557443db4,baden.green,available,11.98,102.98,medium,low,5,namecheap,,,25/09/2026 13:59
66b3bfca-3a08-4927-8014-0f98545d6907,resolution.green,available,10.55,64.37,high,low,10,spaceship,,,29/09/2026 19:23
d1455c38-5181-4e4f-8592-bf4b6dcc238c,fight.green,available,11.98,102.98,high,low,5,namecheap,,,24/09/2026 17:58
6f572a47-d4f6-4eca-a1cc-90c6a2fa2e3a,astragalus.green,available,14.99,79.99,medium,low,10,namesilo,,,19/09/2026 09:45
fa54660b-982f-4e39-8c50-5e4de4e41208,dday.green,available,11.98,102.98,high,low,5,namecheap,,,16/09/2026 12:39
1a7a6f8d-e8b3-4b28-bdaa-8d7ed606e36a,faces.green,available,11.99,,medium,low,5,name.com,,,
0713cf89-b9ff-4017-8ef4-c7399160bc76,heidegger.green,available,62.2,62.2,medium,low,9,cloudflare,,,28/09/2026 19:25
7a279016-aa33-4d7a-97b2-169970db0ca2,jolted.green,available,11.98,102.98,medium,low,6,namecheap,,,22/08/2026 13:55
2a4a1eed-78c5-4b42-8361-d761f7d485ca,carambola.green,available,14.99,79.99,medium,low,9,namesilo,,,21/09/2026 09:14
d4ce286a-d88b-4409-9a56-9aa45d492a67,seriatim.green,available,11.98,102.98,medium,low,8,namecheap,,,16/09/2026 01:10
68f9de1c-b857-43a1-9e96-e0fe00abe9e8,ari.green,available,14.99,79.99,high,medium,3,namesilo,,,28/09/2026 07:41
658494d8-3ccb-4227-979b-072e1583686c,carrots.green,available,10.55,64.37,high,low,7,spaceship,,,30/09/2026 00:15
044497d3-ec6e-4a84-a099-a171ed3b115a,umm.green,available,10.55,64.37,high,low,3,spaceship,,,29/09/2026 21:18
d3add6b9-293a-41e3-b939-a3c1ebfbd048,rosenfeld.green,available,10.55,64.37,high,low,9,spaceship,,,30/09/2026 13:37
a41a3b21-35e0-4dae-b001-f2f6a976f2d3,liberated.green,available,11.98,102.98,high,low,9,namecheap,,,16/08/2026 06:20
e7f45e59-2010-47e7-b667-1271fb3d63c9,alertness.green,available,14.99,79.99,high,low,9,namesilo,,,18/09/2026 05:27
97f85cfa-f102-4d30-abc8-91293e1e064a,aliquot.green,available,11.98,102.98,medium,low,7,namecheap,,,
7af420a7-bb7d-4538-926f-320f1dc9defe,caparison.green,available,14.99,79.99,medium,low,9,namesilo,,,22/09/2026 05:11
6a3a2426-3f07-4a6c-b17b-046bb8b88967,needle.green,available,14.99,79.99,high,low,6,namesilo,,,28/09/2026 17:37
e0401a6e-85f8-4723-967c-3bd352364eda,cove.green,available,11.99,107.99,high,low,4,name.com,,,24/09/2026 18:51
afb6891d-ce3d-4a42-a06e-e927c625459b,veterinarian.green,available,14.99,79.99,high,low,12,namesilo,,,01/10/2026 04:51
22bef2e3-0833-46ef-8d2c-4e5757c215ae,materials.green,premium,517.7,517.7,medium,low,9,spaceship,,,28/09/2026 12:42
08a63fd9-12c6-477a-9f98-ffa42c52cb74,warriors.green,available,14.99,79.99,medium,low,8,namesilo,,,28/09/2026 04:57
b34ef2ce-c769-44f0-82f5-28977bb78c16,fingerprints.green,available,10.55,64.37,medium,low,12,spaceship,,,28/09/2026 13:26
3a605803-9d74-4eb5-9ff8-d7235a36765a,adrenaline.green,available,14.99,79.99,high,low,10,namesilo,,,17/09/2026 09:55
6783c057-8118-40b7-a1a8-949f2355dd27,veteran.green,available,10.55,64.37,high,low,7,spaceship,,,28/09/2026 10:15
65db91b6-37ad-48db-9072-1cafc711381e,heroism.green,available,6.69,64.37,high,low,7,porkbun,,,29/09/2026 18:59
d194d34f-a8a0-422e-b24b-97d8011f1c38,bezant.green,available,14.99,79.99,medium,low,6,namesilo,,,23/09/2026 12:11
323aba48-d972-4f25-a205-49ffa96bfd9f,stored.green,available,14.99,79.99,medium,low,6,namesilo,,,28/09/2026 17:31
0db17675-dbd3-472e-b9f2-15d938c72f4a,agile.green,available,14.99,79.99,high,medium,5,namesilo,,,21/09/2026 23:00
b9bd136c-4f20-4844-bf90-97cb2912d102,remember.green,premium,517.7,517.7,high,low,8,spaceship,,,30/09/2026 09:10
b8def510-8c0e-4f8f-a26a-a278c89734ea,reid.green,premium,302.5,302.5,high,low,4,namesilo,,,25/09/2026 10:17
34ca64aa-813e-4e66-86fe-881263d9ddc1,incumbent.green,available,11.98,102.98,high,low,9,namecheap,,,22/08/2026 02:03
12798a8e-8830-4e5b-bed6-ee80c88ab673,swam.green,available,11.98,102.98,medium,low,4,namecheap,,,30/09/2026 05:56
bca8d5fe-1cd3-42ad-a3df-c09f58a83190,helen.green,premium,1107,1107,high,low,5,namesilo,,,25/09/2026 07:10
b7385f6c-9f6b-4616-be33-cae4301c533a,calling.green,available,14.99,79.99,high,low,7,namesilo,,,24/09/2026 11:48
3b332692-f2ab-403a-b744-5a2566ce1477,guests.green,available,14.99,79.99,medium,low,6,namesilo,,,25/09/2026 17:02
0ec18424-09f1-4a89-b48d-f7fad544e55e,clout.green,available,14.99,79.99,high,low,5,namesilo,,,23/09/2026 13:48
85ee2064-98be-481e-8ef5-b75206e9ad4c,jasmine.green,premium,1950,1950,high,low,7,namecheap,,,08/09/2026 14:04
635ed3b5-9072-4b18-9e52-6fe1a8641625,verb.green,available,6.64,66.56,high,low,4,dynadot,,,30/09/2026 14:26
afcf4132-69d1-468f-aeb1-5ebfbe2f4363,starting.green,premium,1107,1107,high,low,8,namesilo,,,28/09/2026 00:44
77f6d76c-b4df-4cb4-b3dd-e57cbcaeb448,chainlike.green,available,11.98,102.98,medium,low,9,namecheap,,,11/08/2026 21:34
62faaa19-9f2a-4877-a4f7-a767438f1cd3,salubrious.green,available,11.98,102.98,high,low,10,namecheap,,,20/08/2026 16:33
85ddc6e5-a1dd-47b9-aad3-ec1c941f7d3b,terminology.green,available,14.99,79.99,high,low,11,namesilo,,,30/09/2026 05:58
b50760b5-54a5-43c6-90a1-b8946cf8730f,restroom.green,available,14.99,79.99,high,low,8,namesilo,,,01/10/2026 01:31
c9ad8044-4b98-4b66-91e2-dade3a326906,toxin.green,available,14.99,79.99,high,low,5,namesilo,,,30/09/2026 03:03
9b864648-a55b-48ef-9eb2-7a7b462f1e4a,biscuit.green,available,11.98,102.98,high,low,7,namecheap,,,23/09/2026 21:32
bb444904-cb71-435d-8291-23ef278875c8,unused.green,available,10.55,64.37,medium,low,6,spaceship,,,28/09/2026 09:50
48f99eb3-c0a6-453a-8e9f-8401f25d35a6,heroine.green,available,14.99,79.99,high,low,7,namesilo,,,29/09/2026 07:16
5a69c699-2624-4297-ae23-70ce1cebe96e,gospel.green,available,14.99,79.99,high,low,6,namesilo,,,24/09/2026 14:58
eda5bb01-5a09-4e8f-9751-d95983afc137,sublimely.green,available,14.99,79.99,medium,low,9,namesilo,,,16/09/2026 07:34
2680a335-6e20-49e4-8f40-d2b4f5823585,affirmer.green,available,14.99,79.99,medium,low,8,namesilo,,,17/09/2026 14:33
a022b030-2900-457d-83a2-9fd5a31e7f38,tibetan.green,available,11.98,102.98,high,low,7,namecheap,,,11/09/2026 15:23
49678a04-73dd-46bf-8b79-430d43d8956a,springless.green,available,11.98,102.98,low,low,10,namecheap,,,10/09/2026 16:51
215bd7f1-70bc-4537-ba3c-0fdeecfd9f92,scourge.green,available,11.98,102.98,medium,low,7,namecheap,,,18/08/2026 06:16
db6e2738-1453-4053-8a77-9006b1e83693,berit.green,available,14.99,79.99,high,low,5,namesilo,,,23/09/2026 09:27
367d05c8-1641-4448-a941-e3363b75101f,britannic.green,available,11.98,102.98,medium,low,9,namecheap,,,11/08/2026 04:44
dde3dbe4-eb76-46a1-a5b2-0ba0857c4447,videos.green,available,14.99,79.99,medium,low,6,namesilo,,,30/09/2026 13:36
f4ae6527-1e65-4de0-ab86-ceecc66abaf9,plaudit.green,available,14.99,79.99,high,low,7,namesilo,,,16/09/2026 22:36
7d7dcfff-6af7-4585-9878-d0e54e62060a,threescore.green,available,11.98,102.98,medium,low,10,namecheap,,,
e535c010-e2c1-4298-93fe-dca763e6ecc9,prakash.green,available,14.99,79.99,medium,low,7,namesilo,,,29/09/2026 15:19
89efe66a-68ff-43db-81bb-652d98f26c06,musique.green,available,14.99,79.99,high,low,7,namesilo,,,29/09/2026 10:25
45faa3dd-aade-4c64-9125-58bf84808899,distrait.green,available,11.98,102.98,low,low,8,namecheap,,,14/08/2026 13:10
7583fd00-e683-4322-a5f6-2e4689e94bbb,spa.green,premium,550,550,high,low,3,dynadot,,,28/09/2026 10:01
7186384a-f3d3-41f5-9f11-d54cb16a5907,punter.green,available,14.99,79.99,medium,low,6,namesilo,,,29/09/2026 02:17
5dd32e95-0773-4a71-9828-938055cc4b4b,smartness.green,available,11.98,102.98,high,low,9,namecheap,,,12/08/2026 04:49
d96fe92f-255e-4070-864a-bd49e31c825b,inclement.green,available,11.98,102.98,medium,low,9,namecheap,,,22/08/2026 01:31
c3c613bd-73ee-4ff4-b88c-d1200e7599f1,console.green,available,14.99,79.99,high,low,7,namesilo,,,24/09/2026 16:26
715ab1ae-9855-40b7-9761-ab5b8f74d7c5,undogmatic.green,available,11.98,102.98,medium,low,10,namecheap,,,18/08/2026 14:50
06bdec79-33f8-427e-ab45-16eb075d2a94,primary.green,premium,640,640,high,low,7,namesilo,,,27/09/2026 05:41
3033d823-e722-45c6-9fd0-ec4cea3578cb,edmondson.green,available,62.2,62.2,medium,low,9,cloudflare,,,30/09/2026 13:39
3a26f778-bc99-44ff-b0df-13b725d6baf8,intolerance.green,available,14.99,79.99,medium,low,11,namesilo,,,30/09/2026 14:45
b66fe78f-e0e3-40c5-b120-2de04c8a373a,flippant.green,available,11.98,102.98,medium,low,8,namecheap,,,18/08/2026 08:32
5dfd5261-ce91-42c5-a171-1292f0251521,abundantly.green,available,10.55,64.37,medium,low,10,spaceship,,,28/09/2026 11:40
37c76b60-0b97-49a5-8acc-92c3eb42f15b,continuously.green,available,11.99,,medium,low,12,name.com,,,
b0d87c64-4b71-44e2-bd26-1077dad60ffb,principality.green,available,14.99,79.99,medium,low,12,namesilo,,,28/09/2026 22:46
04aaddab-9fb4-4b62-b715-c4912b5fd270,polygonal.green,available,11.98,102.98,medium,low,9,namecheap,,,08/09/2026 23:20
c10d6250-c10e-4343-a4c6-6fca23d368c2,supplicant.green,available,11.98,102.98,medium,low,10,namecheap,,,11/09/2026 03:28
2bdb953a-a33b-4686-a3c2-ee9bab1921bd,paget.green,available,14.99,79.99,medium,low,5,namesilo,,,29/09/2026 01:47
040cd228-519c-453f-a9e2-e3c850204330,employment.green,premium,118.8,118.8,high,low,10,namesilo,,,29/09/2026 18:07
57b6d3f4-4196-4b9a-b776-a468a21689cf,crippled.green,available,11.98,102.98,medium,low,8,namecheap,,,13/08/2026 07:00
352c0e3f-8413-456c-b672-816683cf1a38,belay.green,available,14.99,79.99,medium,low,5,namesilo,,,23/09/2026 04:34
c14159a3-dcb9-45c3-9989-31f3676fd929,intolerable.green,available,62.2,62.2,medium,low,11,cloudflare,,,30/09/2026 11:56
3e902c6d-e060-492e-a426-855037e1c238,teeny.green,available,11.98,102.98,high,low,5,namecheap,,,10/08/2026 08:12
31071831-5702-492d-afca-74deb2dfac73,philanthropic.green,available,62.2,62.2,high,low,13,cloudflare,,,01/10/2026 02:22
2e577420-cfab-4004-a4ba-f971fff5249c,changeless.green,available,11.98,102.98,medium,low,10,namecheap,,,12/08/2026 01:58
a11215e1-537e-4bb3-a411-e5ddf8ccf65f,sincerely.green,available,10.55,64.37,high,low,9,spaceship,,,28/09/2026 16:38
4adadc18-23fd-4c13-a5e9-ba02d1b3d80d,nox.green,available,14.99,79.99,high,medium,3,namesilo,,,29/09/2026 19:50
2e3e4daa-40fd-4848-8f86-5e8c789d229a,proponent.green,available,14.99,79.99,high,low,9,namesilo,,,17/09/2026 11:45
708911ef-b380-4c0b-b362-58c5909304f8,scatty.green,available,11.98,102.98,medium,low,6,namecheap,,,
3f12bd26-ab9c-455e-a7e0-4d35589d4b37,chun.green,premium,,,high,low,4,,,,30/09/2026 23:29
ba133025-c5b8-42c3-9873-c1f84bf20fd8,smaller.green,available,14.99,79.99,high,low,7,namesilo,,,25/09/2026 14:03
efd4e939-ad04-4916-affb-f992d522c330,acne.green,available,6.64,66.56,medium,low,4,dynadot,,,28/09/2026 17:51
8f10a328-a78f-4de1-bac0-4f3753dca1d9,intends.green,available,62.2,62.2,medium,low,7,cloudflare,,,29/09/2026 11:20
c8ce19ac-5d50-447b-82b2-62d030a2b5b4,warned.green,available,14.99,79.99,medium,low,6,namesilo,,,18/09/2026 02:46
d2183067-6615-4cfd-a1e7-e033511c49f3,leaks.green,available,11.98,102.98,medium,low,5,namecheap,,,18/09/2026 06:46
aafeb122-4595-44d8-8891-dedbb372540b,turnovers.green,available,14.99,79.99,medium,low,9,namesilo,,,19/09/2026 22:02
43ef2b7a-eb38-40df-8ae3-8440972c7966,gruff.green,available,11.98,102.98,high,low,5,namecheap,,,13/08/2026 11:25
05f8989e-bbab-4f15-aa4f-2da3939523bf,variegate.green,available,11.98,102.98,medium,low,9,namecheap,,,25/08/2026 08:26
c0f2b650-7bbe-4196-8e59-f659f28e8754,marx.green,available,11.98,102.98,high,low,4,namecheap,,,20/09/2026 11:00
a80696e3-6c44-40af-b3b3-ac3063aea7ae,tubby.green,available,11.98,102.98,medium,low,5,namecheap,,,08/09/2026 22:29
9e7c71a5-9d12-410e-8515-966114b0fee7,gallo.green,available,6.64,66.56,medium,low,5,dynadot,,,28/09/2026 23:17
0c5fae73-9c98-4d78-84d5-d793e4d9fdc0,nanjing.green,available,14.99,79.99,medium,low,7,namesilo,,,28/09/2026 10:29
7d2e5d91-174a-4f79-83a2-22bf410cca05,portraits.green,available,11.98,102.98,medium,low,9,namecheap,,,30/09/2026 00:16
d126eaef-83c2-43f6-805e-1bf5b79376bd,civil.green,available,11.98,102.98,high,low,5,namecheap,,,12/08/2026 09:03
fd9272d0-d523-4900-a3ff-1d2c83a17cf3,tubular.green,available,11.98,102.98,medium,low,7,namecheap,,,11/08/2026 17:14
02d75725-abd1-4c75-ab72-34034b59d88d,lulu.green,available,11.98,102.98,high,low,4,namecheap,,,22/08/2026 16:47
46da672c-29eb-4ca3-84d1-98a9cab647f0,baring.green,available,11.98,102.98,medium,low,6,namecheap,,,22/09/2026 06:03
0a99e872-f718-4951-9130-bf59529f4c21,bankable.green,available,11.98,102.98,high,low,8,namecheap,,,08/08/2026 13:24
849e52a4-4557-4d9e-a7ba-5da2396f5f4f,saloons.green,available,14.99,79.99,medium,low,7,namesilo,,,19/09/2026 22:32
4b6ae21c-c87e-41ae-9fe6-bf836ae0536d,allocate.green,available,14.99,79.99,high,low,8,namesilo,,,30/09/2026 14:55
35a102b7-4d1f-425a-a18b-f8192d1f439f,ageratina.green,available,14.99,79.99,high,low,9,namesilo,,,17/09/2026 17:21
04d07332-8fab-4678-ad59-921e1323e599,linnaean.green,available,11.98,102.98,medium,low,8,namecheap,,,23/08/2026 16:38
492f12eb-c87d-4b01-9cb6-91bc9e78aef8,partial.green,available,11.98,102.98,high,low,7,namecheap,,,08/09/2026 02:01
65633667-926b-44ed-aa93-25fefccb74de,payback.green,available,14.99,79.99,high,low,7,namesilo,,,30/09/2026 10:49
1e7c854b-4751-427a-9c85-2f4b99dd9a4b,prairie.green,available,10.55,64.37,high,low,7,spaceship,,,30/09/2026 07:12
d9f66114-1fcd-44d3-865f-ae86d72c5fda,limits.green,available,14.99,79.99,medium,low,6,namesilo,,,18/09/2026 15:06
037c5581-931f-4342-9cf1-c4adbdc302a5,gibber.green,available,11.98,102.98,medium,low,6,namecheap,,,23/09/2026 23:36
74772242-b375-4d29-a700-b021b597ac38,reservedly.green,available,11.98,102.98,medium,low,10,namecheap,,,15/09/2026 23:22
ece7a779-1cf3-4e85-9afa-36c2be3af775,poole.green,available,14.99,79.99,high,low,5,namesilo,,,25/09/2026 17:31
0d745b17-f378-43fc-ae33-046a5203009d,carriers.green,available,14.99,79.99,medium,low,8,namesilo,,,29/09/2026 05:47
dc7b1990-5eee-475e-8de2-f64713512145,analogy.green,available,62.2,62.2,high,low,7,cloudflare,,,28/09/2026 21:11
4036d039-8bdb-4901-8c23-ecf3a3c4986a,laredo.green,available,10.55,64.37,medium,low,6,spaceship,,,28/09/2026 19:41
772ffc95-b0ae-4ca8-8bd9-806b31f84aba,waukesha.green,available,6.69,64.37,medium,low,8,porkbun,,,30/09/2026 14:02
eacf804e-a831-4dde-9454-618c022f1212,reluctantly.green,available,14.99,79.99,medium,low,11,namesilo,,,30/09/2026 11:53
9decda05-701f-4f98-b91d-0c906994d299,deft.green,available,11.98,102.98,high,low,4,namecheap,,,13/08/2026 23:50
da5fb260-558c-46b1-9cf6-1e6399088e4a,pupil.green,available,10.55,64.37,high,low,5,spaceship,,,28/09/2026 09:33
9d8bea87-1e46-430d-8023-d3885e0d1c4e,stealth.green,available,62.2,62.2,high,low,7,cloudflare,,,29/09/2026 08:08
f21d62ab-e3a3-4271-8ec8-064f294aabb1,finance.green,premium,3450,3450,high,medium,7,namesilo,,,30/09/2026 15:58
180f0462-e25f-4dcb-9b68-28a8f96d6d61,incidental.green,available,11.98,102.98,high,low,10,namecheap,,,
1a9d42b9-3235-444e-be17-7ba72bf290de,claimant.green,available,14.99,79.99,high,low,8,namesilo,,,24/09/2026 15:11
87330338-5af8-45f3-aeef-c86fbd4ab93c,delete.green,available,10.55,64.37,high,low,6,spaceship,,,29/09/2026 14:11
c000c93c-f413-4c31-858e-5469bae77a29,wavering.green,available,11.98,102.98,medium,low,8,namecheap,,,13/09/2026 00:41
c5a3d2eb-c3fa-4860-baae-42e086bd2b19,binomial.green,available,11.98,102.98,high,low,8,namecheap,,,10/08/2026 00:30
0b700fe4-4af8-45f5-95ea-10f754796fff,holdup.green,available,14.99,79.99,medium,low,6,namesilo,,,20/09/2026 06:37
cb43680e-3dd2-46ee-9bde-3ab9265ef638,unsheathed.green,available,11.98,102.98,medium,low,10,namecheap,,,12/09/2026 19:47
a6c38ebf-15ce-4e99-9fff-35277c8e52a0,conk.green,available,11.98,102.98,medium,low,4,namecheap,,,17/08/2026 21:08
89806a16-7513-4848-a030-cb3a32444cf5,clapper.green,available,11.98,102.98,medium,low,7,namecheap,,,19/09/2026 20:51
4e0cbc83-d1cf-4e02-994d-2d61df6aafd1,hobble.green,available,11.98,102.98,medium,low,6,namecheap,,,23/08/2026 13:26
4a3c357c-7737-4277-819b-eaa802efc5e1,inflict.green,available,62.2,62.2,high,low,7,cloudflare,,,30/09/2026 03:14
bea8d41b-1359-4e7b-8b64-37da62da4461,visconti.green,available,19.99,131.99,medium,low,8,godaddy,,,30/09/2026 01:25
01f42547-c1ea-4a5b-8578-41cb6d4a0171,villages.green,available,14.99,79.99,medium,low,8,namesilo,,,29/09/2026 05:32
cd9eb0b0-8080-4f64-8d5c-cfddaeea6e2f,downer.green,available,11.98,102.98,medium,low,6,namecheap,,,14/08/2026 02:41
84674aa0-c5f5-4e35-b142-13bbcd5b033a,boyfriend.green,premium,640,640,high,low,9,namesilo,,,22/09/2026 21:55
623a7176-c008-492c-b3a4-b3dd1d05f2d1,darkling.green,available,11.99,107.99,medium,low,8,name.com,,,13/08/2026 18:16
d053bea9-2958-4e22-8658-204c067a9ea5,casinos.green,available,10.55,64.37,high,low,7,spaceship,,,29/09/2026 17:35
34b488a2-a04f-4cbf-b953-49509bad0c8f,masks.green,available,62.2,62.2,medium,low,5,cloudflare,,,28/09/2026 09:01
096c7c18-ea2d-477e-b0ab-0d64a3870746,forgetful.green,available,11.98,102.98,medium,low,9,namecheap,,,18/08/2026 11:56
bbdb43ff-fb3d-4af6-a048-664bc4969275,gratis.green,premium,625,625,high,low,6,name.com,,,20/08/2026 18:35
04a0fde5-e27e-4474-9312-b04cadd8e164,ric.green,available,6.64,66.56,medium,low,3,dynadot,,,28/09/2026 15:49
0ac58e1d-35f2-4593-8314-ffd4a9db797a,monkeypod.green,available,11.98,102.98,high,low,9,namecheap,,,18/09/2026 03:14
97c6d37c-59b3-4829-986e-163e927269d2,multiplex.green,available,11.98,102.98,high,low,9,namecheap,,,24/08/2026 15:08
9fd3454a-b85d-4c06-8fec-6f28aed62158,elytra.green,available,62.2,62.2,medium,low,6,cloudflare,,,29/09/2026 23:37
e00f7f96-2b4e-418a-8686-d5dab0197bee,jog.green,available,14.99,79.99,high,low,3,namesilo,,,30/09/2026 17:44
9723234e-b551-45cd-bbb5-a9186f7d02ee,ableism.green,available,14.99,79.99,medium,low,7,namesilo,,,16/09/2026 16:10
66d5688f-677d-45aa-b9cc-5ad4862aca11,undisputed.green,available,11.98,102.98,high,low,10,namecheap,,,12/09/2026 05:02
a89d989d-d86f-4fe8-8633-bbcc12d75ab4,hypocrisy.green,available,62.2,62.2,medium,low,9,cloudflare,,,30/09/2026 17:40
c8ae1c26-d53d-4225-9d5d-02cbae1dc3d4,humpback.green,available,11.98,102.98,medium,low,8,namecheap,,,13/08/2026 07:47
0cb302bb-d7a4-4e97-8906-650885eef265,engineering.green,premium,1107,1107,high,low,11,namesilo,,,30/09/2026 01:32
0f32f381-3192-4f2a-a663-4712926606f0,sincerity.green,available,10.55,64.37,high,low,9,spaceship,,,29/09/2026 06:41
c41ed407-b450-4d98-8198-b7bcc4646192,pean.green,available,11.98,102.98,medium,low,4,namecheap,,,05/09/2026 00:47
7da2cbc0-6977-4030-bf34-a052d13f01d4,lettuce.green,premium,546.56,1092.18,high,low,7,porkbun,,,29/09/2026 03:25
36db1d2f-77cf-49ff-b2dd-0e0201f7512f,clegg.green,available,14.99,79.99,medium,low,5,namesilo,,,30/09/2026 16:44
ac844530-b83f-4d98-821b-57984295c763,adoration.green,available,14.99,79.99,high,low,9,namesilo,,,17/09/2026 09:44
dcb35fd2-ece2-4103-bfd3-a2e057e4243c,relational.green,available,11.98,102.98,high,low,10,namecheap,,,09/09/2026 13:20
01c98848-1abf-4adc-a186-c5ff7310ded9,hauteur.green,available,14.99,79.99,medium,low,7,namesilo,,,20/09/2026 09:20
470dacdf-404e-49be-8509-f5e9bfc62af3,astonishing.green,available,10.55,64.37,high,low,11,spaceship,,,29/09/2026 21:10
ea14089b-890a-4a8a-b352-7b0964ac0e84,karla.green,premium,302.5,302.5,medium,low,5,namesilo,,,30/09/2026 13:19
c0332f2e-e8d6-48a8-b82c-871f39da5097,petersburg.green,available,6.64,66.56,medium,low,10,dynadot,,,29/09/2026 07:52
8a1bbc7a-be07-4628-94c1-92a22e2440c5,patron.green,available,10.55,64.37,high,low,6,spaceship,,,28/09/2026 14:14
836bb125-70ac-4f1c-b844-41d60681176d,sedative.green,available,14.99,79.99,high,low,8,namesilo,,,22/09/2026 10:55
97312f87-a67f-4cef-8f9f-3b3d47533051,equity.green,premium,,,high,low,6,,,,30/09/2026 01:33
f57edbff-c9d1-4665-be94-363311dc5ca1,autoerotic.green,available,11.98,102.98,medium,low,10,namecheap,,,07/08/2026 20:01
9a59c4ac-c3e8-4c25-8bc9-c3ee0f1c1a32,art.green,premium,517.7,517.7,high,medium,3,spaceship,,,29/09/2026 20:37
f17f91d0-2ee9-47f3-bc69-b05e3f3b0405,perforate.green,available,11.98,102.98,high,low,9,namecheap,,,08/09/2026 16:54
8b781d6b-def3-4eee-9ff0-f7d22172be6c,subalpine.green,available,,,medium,low,9,,,,
9fb67039-c435-479a-9997-81308b537bc8,ambivalent.green,available,11.98,102.98,medium,low,10,namecheap,,,
db7de7a7-dfb2-46b4-8a79-d10f4c67142b,eminently.green,available,11.98,102.98,medium,low,9,namecheap,,,14/09/2026 15:19
1bb619a8-24ea-499b-a2d7-0bd5b53c551c,bolster.green,available,14.99,79.99,high,low,7,namesilo,,,29/09/2026 03:17
abed39d0-9286-4aa2-bbc3-c22f5e25d6d8,salamanca.green,available,14.99,79.99,medium,low,9,namesilo,,,28/09/2026 16:27
b0e8b860-f805-4ed1-bcdd-1a9131832c6a,giver.green,available,11.99,107.99,high,low,5,name.com,,,23/09/2026 10:44
6b811c9b-8f88-4044-8836-2ab25a3739b9,asafoetida.green,available,14.99,79.99,high,low,10,namesilo,,,20/09/2026 12:43
b9406ed6-1739-4cf2-a052-155bb37ebddd,discomfort.green,available,6.64,66.56,high,low,10,dynadot,,,29/09/2026 15:28
08077f2f-fd0b-47b1-be88-8c899cd8cbd4,acinus.green,available,14.99,79.99,medium,low,6,namesilo,,,17/09/2026 01:46
b5a6d7ca-7a71-40a8-9ff3-419609e16e14,credibility.green,available,10.55,64.37,high,low,11,spaceship,,,28/09/2026 12:34
f5cbc53e-7bba-4bff-ad49-42bc30e3d9d9,vise.green,available,14.99,79.99,medium,low,4,namesilo,,,23/09/2026 07:37
9c09b4d8-413b-4543-a0af-65a433ae4c9d,thornless.green,available,11.98,102.98,high,low,9,namecheap,,,11/09/2026 14:08
2cb2daa3-97af-446f-83ee-e37bfdecb0de,unopen.green,available,11.98,102.98,medium,low,6,namecheap,,,10/09/2026 07:06
da6aabe4-8141-49a5-b488-638930aaa0c4,furled.green,available,11.98,102.98,medium,low,6,namecheap,,,18/08/2026 18:44
b5839e42-cd3f-4afa-9765-879688e7db55,seeger.green,available,14.99,79.99,high,low,6,namesilo,,,18/09/2026 01:49
1b99903d-145f-466d-9373-dbf00b44eca9,lupin.green,available,11.98,102.98,high,low,5,namecheap,,,24/08/2026 11:41
3c9922f3-e09d-4462-b013-72c86c0ee70d,rita.green,available,11.98,102.98,high,low,4,namecheap,,,25/09/2026 19:01
447f2358-fe43-42cf-8360-ba6cecf28532,inimitable.green,available,11.98,102.98,high,low,10,namecheap,,,22/08/2026 05:23
cf69df21-18f5-4b93-a91a-2696d8ffbe9b,bids.green,available,14.99,79.99,medium,low,4,namesilo,,,29/09/2026 15:47
6992643f-9eb2-4225-835f-c9c0b97e4c1b,vainly.green,available,11.98,102.98,medium,low,6,namecheap,,,15/09/2026 07:33
14ba0fdf-6305-425f-86ba-ca40a5e10ed7,amiably.green,available,11.98,102.98,medium,low,7,namecheap,,,13/09/2026 17:50
cbef776e-6827-408b-ab19-7dd2d1ac40b7,excavation.green,available,14.99,79.99,high,low,10,namesilo,,,20/09/2026 01:55
5764b02e-a260-4312-8372-1c152cc3288c,squiggly.green,available,11.98,102.98,medium,low,8,namecheap,,,10/09/2026 17:43
eba986d3-5a3e-4ae7-a8ed-a67ff8689a85,shipments.green,available,62.2,62.2,medium,low,9,cloudflare,,,01/10/2026 00:42
10436a32-69b5-4ffa-9e78-5df5cc5f7c30,pea.green,premium,1035.2,1035.2,high,low,9,spaceship,,,28/09/2026 15:03
1a582644-2e91-4836-9e2e-248a4853250a,parrot.green,premium,1552.7,1552.7,high,low,6,spaceship,,,28/09/2026 15:02
1f7bff98-a4f0-4dd7-94f2-e7a7e04e482e,scotty.green,available,14.99,79.99,high,low,6,namesilo,,,29/09/2026 22:06
fd819d90-9711-4e56-be16-1915000f8cd4,utes.green,available,62.2,62.2,medium,low,4,cloudflare,,,30/09/2026 07:10
a7dec0e0-1498-4cfa-b0d5-674ecdd64775,small.green,premium,1100,1100,high,low,5,dynadot,,,29/09/2026 19:21
f8d9322b-cac4-4eb5-bded-349de1b7e8e1,smooth.green,available,11.98,102.98,high,low,6,namecheap,,,24/09/2026 20:14
a3c48d4b-6d60-4b5a-a19a-e3b9881e2246,kicker.green,available,6.64,66.56,high,low,6,dynadot,,,30/09/2026 17:48
f1a58cc2-b238-426d-939e-9aa5b50c30c9,pie.green,premium,1107,1107,high,low,3,namesilo,,,25/09/2026 09:59
cafafe57-1f8f-4b1b-b6ad-a24903bbce6d,hai.green,premium,1107,1107,high,low,3,namesilo,,,27/09/2026 16:50
c91c4ee3-2edb-485d-a0af-2bcfd3f01a41,porch.green,available,6.69,64.37,high,low,5,porkbun,,,27/09/2026 15:20
905a155a-3722-4f4d-97e7-240cf0e47275,ahuehuete.green,available,14.99,79.99,medium,low,9,namesilo,,,17/09/2026 20:34
69d404b4-1dc9-4504-995e-fe0e99fab1b7,proclamation.green,available,14.99,79.99,high,low,12,namesilo,,,29/09/2026 16:06
8b2f2dbb-d916-4fd6-a500-1cf070083102,lav.green,available,11.98,102.98,medium,low,3,namecheap,,,09/09/2026 02:16
8556da4a-298d-4cce-9275-bf3a2111b4dc,fiscally.green,available,11.98,102.98,medium,low,8,namecheap,,,14/09/2026 18:37
b49f18f1-551e-4d69-8cf9-0e3ee60a3bb6,animal.green,premium,625,625,high,low,6,name.com,,,08/09/2026 11:39
083c2d5b-b1aa-4474-91aa-f8c1985090fc,strips.green,available,14.99,79.99,medium,low,6,namesilo,,,20/09/2026 02:09
f37f219e-09eb-4093-aea1-834b082f2301,churchman.green,available,11.98,102.98,medium,low,9,namecheap,,,14/08/2026 23:29
ede5ad12-0cc4-42b0-9184-05a91af12e82,undated.green,available,11.98,102.98,medium,low,7,namecheap,,,12/09/2026 06:58
2d3c7487-1134-4cc7-9794-4d0fe950429c,som.green,available,62.2,62.2,high,low,3,cloudflare,,,29/09/2026 08:04
a53b438c-17e5-4a08-ba82-23702683ccca,canine.green,available,11.98,102.98,high,low,6,namecheap,,,11/08/2026 16:56
0c612183-2a6c-45b9-a7f0-590c5a7125ef,richie.green,available,6.69,64.37,high,low,6,porkbun,,,28/09/2026 04:39
c4fcc82c-87ea-4a38-970d-fa1771782136,neat.green,available,14.99,79.99,high,low,4,namesilo,,,22/09/2026 16:59
ad6bbb3a-b484-4786-9277-6fbd8005260f,martinez.green,available,11.98,102.98,medium,low,8,namecheap,,,28/09/2026 12:21
6aeafa4b-1fcf-4d9b-a999-e855a43d15c9,atrovent.green,available,14.99,79.99,medium,low,8,namesilo,,,21/09/2026 01:03
44039e9d-82df-4896-9c6b-66c6de3a2ea3,xavier.green,premium,118.8,118.8,high,low,6,namesilo,,,25/09/2026 10:30
056354e8-919e-4823-940f-c92e5eed09d9,cruz.green,available,14.99,79.99,high,low,4,namesilo,,,25/09/2026 11:52
19367b4a-2168-451b-9284-77b3740f1eb2,included.green,available,11.98,102.98,high,low,8,namecheap,,,22/08/2026 01:33
4de5277f-8d71-4ecc-a96a-10e9e2563623,imprint.green,available,6.64,66.56,high,low,7,dynadot,,,29/09/2026 18:45
ac91eb38-afc3-4306-9860-575af9f981c2,annoy.green,available,14.99,79.99,high,low,5,namesilo,,,29/09/2026 14:37
b7af2b0b-303f-4516-bedf-b772bc7632c5,recreational.green,available,10.55,64.37,high,low,12,spaceship,,,29/09/2026 10:15
c1c056d4-02f1-40f6-ba39-96899127178a,pseudo.green,available,11.98,102.98,high,low,6,namecheap,,,09/09/2026 04:56
29d78290-f43f-4bff-8298-c0deda09a6eb,apus.green,available,11.98,102.98,medium,low,4,namecheap,,,19/09/2026 22:43
c960a371-a3d0-44f8-a36d-070fe8afec9e,berkelium.green,available,11.98,102.98,medium,low,9,namecheap,,,21/09/2026 00:14
227e693c-b186-4528-8a60-023e41174af1,odorless.green,available,11.98,102.98,medium,low,8,namecheap,,,22/08/2026 06:02
80e8dbe6-8aad-44e0-854b-d3184282045e,clothing.green,premium,517.7,517.7,high,low,8,spaceship,,,30/09/2026 20:57
32638a7c-45ca-4a4b-a823-6c62017479c9,monologue.green,available,14.99,79.99,high,low,9,namesilo,,,30/09/2026 10:35
6fd6c064-aad1-46ca-a59d-9b9465f5f262,obnubilate.green,available,11.98,102.98,medium,low,10,namecheap,,,03/09/2026 23:55
8dfe1771-257a-47e0-b596-64c5305d382b,instyle.green,available,14.99,79.99,high,low,8,namesilo,,,17/09/2026 05:05
9a227982-de23-40d8-852b-87df2d3f9175,uttered.green,available,11.98,102.98,medium,low,7,namecheap,,,17/08/2026 18:44
03ca0af2-7e1d-4645-aa97-a45baac55ff0,pena.green,available,62.2,62.2,medium,low,4,cloudflare,,,30/09/2026 13:00
cf91d0cb-885c-47b8-99ec-a2a9877a2ce6,amalgamate.green,available,14.99,79.99,high,low,10,namesilo,,,22/09/2026 03:01
226af228-ac95-4502-9f8f-8bdc616dbaed,bishop.green,premium,1107,1107,high,low,6,namesilo,,,23/09/2026 21:47
99937f79-15c7-4bc4-bfab-c6b8318f9224,obligations.green,available,11.98,102.98,low,low,11,namecheap,,,29/09/2026 05:17
3ccaa5cf-d480-4308-86c2-ff257567adaf,wagering.green,available,14.99,79.99,medium,low,8,namesilo,,,28/09/2026 11:01
3924ce09-0be4-46a5-801d-dccc79d06038,bartender.green,available,14.99,79.99,high,low,9,namesilo,,,22/09/2026 06:18
8df5fe42-6a7e-4a1d-9412-889119e13ff7,stimulating.green,available,62.2,62.2,medium,low,11,cloudflare,,,28/09/2026 21:23
dacf9b58-a4f0-4fbc-93b6-457bc7db3ad9,octet.green,available,11.98,102.98,high,low,5,namecheap,,,
d19ea1e1-53bc-47b0-ace8-d178538b8cc9,granted.green,available,14.99,79.99,high,low,7,namesilo,,,24/09/2026 22:19
dfc3ca33-ca6a-4b9f-b646-16c90f290745,acceptance.green,available,14.99,79.99,high,low,10,namesilo,,,16/09/2026 22:01
f418678d-54a4-4bba-8d6d-b25a21852ec6,astrometry.green,available,11.98,102.98,medium,low,10,namecheap,,,20/09/2026 17:53
7e4723fb-d44b-40fc-9d11-1d2cce5425f6,scenery.green,available,10.55,64.37,high,low,7,spaceship,,,28/09/2026 15:20
345dca69-307d-4075-ab2a-9f5e523d609a,sidon.green,available,10.55,64.37,medium,low,5,spaceship,,,30/09/2026 18:35
f5ee9cf0-a08f-45ea-81af-b04c719aaa4f,focused.green,available,11.98,102.98,high,low,7,namecheap,,,28/09/2026 05:57
9f811f46-f62c-4b3e-bbd2-7d85427aebdc,woodbridge.green,available,6.69,64.37,medium,low,10,porkbun,,,28/09/2026 16:49
f022f80c-1abe-41a2-8247-22067c118731,fbi.green,available,6.64,66.56,high,low,3,dynadot,,,29/09/2026 06:52
94296f3a-66bb-4d4d-a6ca-9902c7c18235,pattern.green,premium,625,625,high,low,7,name.com,,,25/08/2026 02:49
f5c06cf4-7656-4c5f-ad83-0930e1dfd747,paperwork.green,available,10.55,64.37,high,low,9,spaceship,,,28/09/2026 02:53
855e62b6-1927-4baf-89b5-7300d69695cb,antoninus.green,available,14.99,79.99,medium,low,9,namesilo,,,19/09/2026 15:34
7c811e5d-ebec-4ea3-aafc-13ee1d682ad7,weaponry.green,available,14.99,79.99,medium,low,8,namesilo,,,20/09/2026 07:43
06b532fd-db5a-4a0d-9339-5ea6ef5729c1,scrupulous.green,available,11.98,102.98,high,low,10,namecheap,,,12/08/2026 22:22
77776139-348c-44dc-9b0d-c76aeb64455b,starboard.green,available,11.98,102.98,high,low,9,namecheap,,,10/09/2026 18:46
7548089e-a8b6-4311-90f8-29072f3584c0,mounts.green,available,14.99,79.99,medium,low,6,namesilo,,,01/10/2026 00:51
8f0e364c-916e-4f92-9305-55625281b6e7,archly.green,available,11.98,102.98,medium,low,6,namecheap,,,13/09/2026 20:39
b115daff-752f-4dfa-a278-51b7ebf4b6c0,refreshing.green,available,11.98,102.98,high,low,10,namecheap,,,11/08/2026 00:37
08e48989-c424-4136-b2ff-31a0601f9dd9,woke.green,available,10.55,64.37,high,low,4,spaceship,,,28/09/2026 12:32
6ac58989-25dd-4e70-93b7-aeb34cb592f4,babyhood.green,available,11.98,102.98,high,low,8,namecheap,,,21/09/2026 13:48
b0299de7-be52-4007-9c7c-0b602a6067cf,antiracist.green,available,11.99,,high,low,11,name.com,,,
9af6b572-4734-4282-be97-0a2465cac756,cytolytic.green,available,11.99,107.99,medium,low,9,name.com,,,13/08/2026 14:42
c50b8a6e-7092-432a-97ce-24966271003b,shiloh.green,available,14.99,79.99,medium,low,6,namesilo,,,22/09/2026 15:39
572c0f62-e2e9-4e13-83bb-bce9179b04c9,racism.green,available,14.99,79.99,medium,low,6,namesilo,,,29/09/2026 02:00
12dc933b-1d83-4a3c-8095-ed69f2366c8c,owners.green,available,14.99,79.99,medium,low,6,namesilo,,,28/09/2026 08:43
d75e27af-dfd3-4fe6-af9f-b5a489fd3bd4,premiers.green,available,62.2,62.2,medium,low,8,cloudflare,,,29/09/2026 17:25
101d7617-6549-4ea3-a47b-f85f6d6fc570,evenfall.green,available,11.98,102.98,medium,low,8,namecheap,,,11/09/2026 21:46
14ed2b4f-2e58-437b-b6fc-cf1d1325d0d2,recipe.green,available,14.99,79.99,high,low,6,namesilo,,,30/09/2026 09:18
6bf53701-db49-4dc9-8e4d-4b01b8d434be,slopped.green,available,11.98,102.98,low,low,7,namecheap,,,09/08/2026 15:45
67ff99dd-7257-4e5e-85cd-382d4a97890c,camps.green,available,10.55,64.37,medium,low,5,spaceship,,,28/09/2026 18:04
5895f424-8a84-46df-ad39-2989e8a311fe,uncolored.green,available,11.98,102.98,medium,low,9,namecheap,,,12/09/2026 02:06
39828061-e71c-40cc-b4c6-a547048d20a4,usage.green,available,14.99,79.99,high,low,5,namesilo,,,24/09/2026 04:06
b1ec2ec4-623d-40fd-b2a0-386d2a2f2c2c,stainless.green,available,11.98,102.98,high,low,9,namecheap,,,10/09/2026 18:15
a34063c9-b693-40df-b43d-a5469cb6975c,newell.green,available,6.64,66.56,high,low,6,dynadot,,,27/09/2026 18:17
3a1a7a30-76fb-4d6e-aa14-6acb47326708,reading.green,premium,640,640,high,low,7,namesilo,,,30/09/2026 00:17
74289d22-939d-4526-9ea9-7a4fbde4594e,marry.green,premium,640,640,high,low,5,namesilo,,,13/09/2026 09:36
c8015a7c-55a2-4236-b140-f14013833466,artois.green,available,14.99,79.99,medium,low,6,namesilo,,,20/09/2026 12:02
00bebd6e-67d2-436b-8999-d2699026d5f9,relocate.green,available,10.55,64.37,high,low,8,spaceship,,,29/09/2026 02:47
e4f2e169-b111-41b5-9673-5fcc30d384b3,fences.green,available,10.55,64.37,medium,low,6,spaceship,,,29/09/2026 11:21
739af0d6-8292-4497-8420-75582ce841c0,integrated.green,available,14.99,79.99,high,low,10,namesilo,,,25/09/2026 08:05
82b73a44-77da-414c-97ac-9b1c1062347c,wil.green,available,10.55,64.37,medium,low,3,spaceship,,,28/09/2026 21:44
ece369b9-ea02-4823-9778-9222c6935afd,unavailable.green,available,14.99,79.99,medium,low,11,namesilo,,,29/09/2026 03:22
deac3de6-58fb-4c2c-945e-775da6266950,folklore.green,available,19.99,131.99,high,low,8,godaddy,,,30/09/2026 01:40
fb5cb746-2654-4e9a-80ee-8db050e92cdc,licentious.green,available,11.98,102.98,medium,low,10,namecheap,,,23/08/2026 00:56
8dcf50e5-8473-41bb-bc71-d7c237401f1c,resonating.green,available,14.99,79.99,high,low,10,namesilo,,,27/09/2026 12:29
e5c3f9f3-08d2-4f1a-86d9-46d1639cbd1e,alexia.green,premium,118.8,118.8,medium,low,6,namesilo,,,18/09/2026 06:04
049f3b25-bc0a-448c-99cc-72d38b12fcdb,hairs.green,available,14.99,79.99,medium,low,5,namesilo,,,28/09/2026 08:42
77b792c8-831f-46d9-b3a7-aa4485fbfb4c,amenity.green,available,11.98,102.98,high,low,7,namecheap,,,17/09/2026 19:17
945aaf57-2977-4514-b21a-e8009460e8dc,pastures.green,available,11.98,102.98,medium,low,8,namecheap,,,30/09/2026 07:16
e955cc3f-152f-48c0-af38-95ef8b2a88b9,canny.green,available,11.98,102.98,medium,low,5,namecheap,,,11/08/2026 13:23
f8ff70cb-6f74-4a9f-a126-9e46310d251a,preventing.green,available,62.2,62.2,medium,low,10,cloudflare,,,30/09/2026 06:24
574e095c-ef0e-4f68-afeb-9a7707cf7b8f,marvin.green,premium,325,325,high,low,6,namecheap,,,25/09/2026 13:38
5ecbc8e0-e3d2-4e70-9731-691ff2ecb47d,ker.green,available,10.55,64.37,medium,low,3,spaceship,,,30/09/2026 14:01
4332b769-ac1a-4d63-a446-6d66bd46e4c4,pizarro.green,available,19.99,131.99,medium,low,7,godaddy,,,30/09/2026 01:41
497dde5c-0519-4d5f-aea3-952d300521cb,incased.green,available,11.98,102.98,high,low,7,namecheap,,,11/08/2026 20:08
aaea2d82-9ab0-43d1-9be5-89ecc856ce39,schoolbook.green,available,14.99,79.99,medium,low,11,namesilo,,,19/09/2026 07:03
b513c7ca-c761-49cd-a759-ac729daab0c8,barbarian.green,available,11.98,102.98,high,low,9,namecheap,,,08/08/2026 15:26
aab26d54-9c91-4325-a176-275eb8c73279,vat.green,premium,640,640,high,low,3,namesilo,,,17/09/2026 05:53
18002acc-ec6f-4d0f-b9be-1ac89fff2bc9,rarest.green,available,14.99,79.99,medium,low,6,namesilo,,,20/09/2026 08:14
cdd45c13-fdf6-417b-bef2-0abfd4d1e6b6,netted.green,available,11.98,102.98,medium,low,6,namecheap,,,03/09/2026 16:02
f793605d-9890-4071-ade0-e72d0aa1bfa2,abiding.green,available,14.99,79.99,high,low,7,namesilo,,,21/09/2026 13:52
e17f58de-f19b-4c37-8435-12511c1bcc38,insatiable.green,available,11.98,102.98,medium,low,10,namecheap,,,22/08/2026 06:33
38f94693-6dae-43be-af5a-c1132cc3fae3,willful.green,available,11.98,102.98,medium,low,7,namecheap,,,18/08/2026 16:37
bb690d6f-97eb-4a3e-87f0-be46214eff00,platoon.green,available,62.2,62.2,high,low,7,cloudflare,,,27/09/2026 15:14
552df4a4-4377-427d-9ab3-5a33b875e082,laurent.green,available,14.99,79.99,medium,low,7,namesilo,,,27/09/2026 09:55
1be43835-995f-47b2-89f0-2ded5f358b0b,unlogical.green,available,11.98,102.98,low,low,9,namecheap,,,21/08/2026 20:07
70320e58-3cb8-4ace-9fae-99dcfc761853,qualified.green,available,11.98,102.98,high,low,9,namecheap,,,14/08/2026 02:10
187a7dd5-03df-40e1-99f1-ce11858d7ff6,eyes.green,premium,650,650,high,low,4,namecheap,,,29/09/2026 18:46
d384bfdf-fab7-4ac6-918e-3d9208c81296,breathe.green,available,10.55,64.37,high,low,7,spaceship,,,30/09/2026 16:28
44537fdc-100c-437f-9214-54b998f5a0d3,xiao.green,premium,1995,1995,medium,low,4,namesilo,,,28/09/2026 16:02
b42d25ef-3c84-45ed-aaea-c87e635d4a4c,latex.green,premium,1035.2,1035.2,high,low,5,spaceship,,,29/09/2026 13:16
95f850b2-658b-4000-b6d8-2668db927a38,clog.green,available,14.99,79.99,high,low,4,namesilo,,,24/09/2026 15:50
d76666d9-d698-454b-9ecf-4904c1a6e301,shockingly.green,available,11.98,102.98,medium,low,10,namecheap,,,16/09/2026 01:31
d37bf2ab-dd10-4cf4-a3b3-40d581d0660e,scar.green,available,14.99,79.99,high,low,4,namesilo,,,24/09/2026 15:00
08601f55-b171-4e30-8d34-fc512b8bc136,steamer.green,available,62.2,62.2,high,low,7,cloudflare,,,29/09/2026 07:29
123c7919-57b0-42d6-b53e-ec8c1a79ff61,ias.green,available,10.55,64.37,high,low,3,spaceship,,,29/09/2026 21:40
4bbb3c56-bb82-49ad-b76c-278647b17478,nokia.green,available,,,high,high,5,,,,
39f9a3e6-759f-48c8-9f9c-08fdb079abb4,thulium.green,available,14.99,79.99,medium,low,7,namesilo,,,20/09/2026 23:37
489bed23-92d4-4032-951c-53729bdd3e70,coherently.green,available,6.69,64.37,medium,low,10,porkbun,,,28/09/2026 14:06
6050795d-3f5e-4fd5-94bb-59b432f3c7e4,aldehyde.green,available,14.99,79.99,high,low,8,namesilo,,,18/09/2026 04:24
cd0c800c-c5ad-4444-88d0-0353e70feed0,helps.green,available,11.98,102.98,high,low,5,namecheap,,,25/09/2026 21:19
69d2e5b3-a036-4f32-b71d-dd027c3bcde1,slicker.green,available,14.99,79.99,medium,low,7,namesilo,,,23/09/2026 02:58
6ee50b76-af0d-45e1-90c7-7494f42123c3,dismount.green,available,14.99,79.99,high,low,8,namesilo,,,24/09/2026 22:48
7e0b4771-70cf-41dd-9fd9-5d149faec415,acetabular.green,available,11.98,102.98,medium,low,10,namecheap,,,
1cb1c0a8-450e-4bac-9a96-5ebb0e0a6164,futures.green,available,11.98,102.98,high,low,7,namecheap,,,29/09/2026 16:09
4bc0655a-0773-40bf-8e15-a18077dad60a,leland.green,available,6.69,64.37,medium,low,6,porkbun,,,27/09/2026 21:02
9fa63e3b-b0d5-433f-b38b-a5550b04b991,showdown.green,available,6.64,66.56,high,low,8,dynadot,,,30/09/2026 09:36
96846d18-612d-4283-88fa-60817bacb7ef,parochial.green,available,11.98,102.98,medium,low,9,namecheap,,,08/09/2026 01:46
53aa9361-d017-4969-a2ae-27ac19b5c7c4,ambergris.green,available,14.99,79.99,medium,low,9,namesilo,,,18/09/2026 16:37